,ISIC 01T03,ISIC 05,ISIC 06,ISIC 07T08,ISIC 09,ISIC 10T12,ISIC 13T15,ISIC 16,ISIC 17T18,ISIC 19,ISIC 20,ISIC 21,ISIC 22,ISIC 231,ISIC 239,ISIC 241,ISIC 242,ISIC 25,ISIC 26,ISIC 27,ISIC 28,ISIC 29,ISIC 30,ISIC 31T33,ISIC 351,ISIC 352T353,ISIC 36T39,ISIC 41T43,ISIC 45T47,ISIC 49T53,ISIC 55T56,ISIC 58T60,ISIC 61,ISIC 62T63,ISIC 64T66,ISIC 68,ISIC 69T82,ISIC 84,ISIC 85,ISIC 86T88,ISIC 90T96,ISIC 97T98
ISIC 01T03,1.171050867693852,0.001059555602447965,2.0116623915115517e-4,0.0010595556024479648,4.1960922630163985e-4,0.13481006400969012,0.013388866097862353,0.08329699680481743,0.007954995100990049,3.719678964224138e-4,0.010661632742516029,0.01066163274251603,0.002443273927606373,5.075356254713388e-4,5.075356254713388e-4,2.5192775437809183e-4,2.457739550044473e-4,2.0927166398250388e-4,1.192888702822521e-4,4.0399817797176496e-4,2.4240407442753035e-4,3.961129468864336e-4,1.1479366549936621e-4,0.002256162573225288,1.4246305767285053e-4,1.434142256521143e-4,2.816537360834736e-4,0.0015307924549873319,7.550266688432418e-4,4.360214267605367e-4,0.005129128856784503,2.028436803953503e-4,2.1353236182000514e-4,2.6288763535715323e-4,1.5047726245570551e-4,2.060518887852193e-4,7.184504711222746e-4,0.002442174968088669,0.0011494047860343209,0.0010787138760827715,7.895794795509717e-4,0
ISIC 05,7.211742765335691e-6,1.000132830750797,1.2339338243077177e-4,1.3283075079660117e-4,5.415360632415572e-5,3.7278924911715054e-6,2.015635147146403e-6,1.995991433955844e-6,9.557822373780043e-6,1.1292382088018576e-5,1.055257581267035e-5,1.055257581267035e-5,3.4473547768843804e-6,1.303075148852065e-4,1.3030751488520652e-4,5.406811309453988e-5,5.626099009545126e-5,6.130661520648828e-6,4.856232918845641e-7,3.476797847953113e-6,2.628420910348537e-6,2.406560675680713e-6,1.0702102903284146e-6,1.9916563298264558e-6,1.9823056978887513e-5,1.8391148442504305e-5,6.960346953856397e-6,1.9907410380544e-5,5.844984234519244e-7,1.336521960116886e-6,2.144155140261826e-6,7.955673998318295e-7,1.2173501173193411e-6,1.6977241523735458e-6,3.6978897367272967e-7,1.530077755554343e-6,1.3809435574230867e-6,4.7159531506132806e-6,2.5767158714324433e-6,8.721593003194827e-7,3.9516304565462295e-6,0
ISIC 06,4.208329664468723e-6,1.6091192210295066e-5,1.000148852463541,1.6091192210295066e-5,2.983261711816482e-5,1.6007646693131204e-6,1.1305293811082027e-6,2.335590893473638e-6,1.965549009370606e-6,5.407742932779645e-4,1.182502965367906e-5,1.1825029653679061e-5,2.201892695254623e-6,2.314690425225279e-6,2.314690425225279e-6,3.0050221877690644e-5,3.868201287213237e-6,2.9753117092673924e-6,3.728712522144128e-7,2.2418294780379406e-6,1.7470242426449318e-6,1.2750961338181099e-6,5.852743648889228e-7,1.7221462134631314e-6,5.848720765919269e-5,5.413079661600128e-5,1.9141450423482988e-5,4.393967135120267e-6,8.97986305069866e-7,8.628269199002836e-6,1.2138247763409534e-6,4.87161625553765e-7,4.098217590458124e-7,7.081645743528213e-7,6.997877910081091e-7,5.553771631276926e-7,7.829625021708096e-7,9.097302007347605e-6,1.6430376325783021e-6,7.721914675047724e-7,9.521530022170009e-7,0
ISIC 07T08,0.0016459855294083615,0.030316873574937713,0.028162918245233395,1.0303168735749377,0.012359849106554813,8.5084247945618e-4,4.6004223843325656e-4,4.5555881900086583e-4,0.0021814473743456014,0.0025773378383336675,0.0024084867764735877,0.0024084867764735877,7.868134322209641e-4,0.02974097813155026,0.029740978131550265,0.012340336400210592,0.012840831762943424,0.0013992429398885977,1.1083713565433006e-4,7.935334263329865e-4,5.999025373482889e-4,5.492658538590123e-4,2.442614370234676e-4,4.54569388443283e-4,0.004524352295636478,0.004197537986389085,0.001588607738586738,0.0045436048512254475,1.33404085291038e-4,3.0504357652120096e-4,4.893752382075214e-4,1.8157780586497036e-4,2.778441692294525e-4,3.874832309834692e-4,8.439947449675163e-5,3.4922014365481105e-4,3.1518222244055627e-4,0.001076354342613039,5.881015415803227e-4,1.9905890079233404e-4,9.019077303073618e-4,0
ISIC 09,8.82751879395967e-6,0.004494146099395417,0.02719039748128308,0.004494146099395417,1.0111879381744835,5.087104143229434e-6,2.986865142253852e-6,3.529802072955933e-6,1.145459385384717e-5,4.804927065946307e-5,1.2420554566713843e-5,1.2420554566713846e-5,4.987329597889833e-6,1.3235868779416172e-4,1.3235868779416172e-4,5.7495197348002385e-5,5.797943817569127e-5,8.41867510670425e-6,1.2386510183635034e-6,4.8892816279756865e-6,4.255952605295933e-6,3.519857443882839e-6,1.9709213607209513e-6,3.352784152524377e-6,2.612712173424942e-5,2.454499344444897e-5,9.874289196087458e-6,2.1307893467127714e-5,2.1741850212583604e-6,4.1856781530137874e-6,4.08222000517099e-6,1.7636390067072435e-6,2.4711864000968065e-6,2.718842210396953e-6,1.5205594430320098e-6,7.796447660117188e-6,5.388000005201216e-6,9.707240643713956e-6,4.573205234832761e-6,2.161696061038772e-6,5.7711542525476055e-6,0
ISIC 10T12,0.04065048784528448,4.225373127204072e-4,3.2878467931939814e-4,4.225373127204072e-4,5.184814925985578e-4,1.0877618552980028,0.003323088542638821,0.0034389907531588333,0.0019397471369371566,6.775273694637551e-4,0.0032480026901860557,0.0032480026901860574,0.001236936910954044,0.0016558846953410131,0.001655884695341013,3.7085736739896546e-4,3.551360792158417e-4,3.512073325247749e-4,1.605566787107343e-4,3.08021863038645e-4,3.802718639245843e-4,3.939069380248388e-4,1.937239972498207e-4,5.28123517728822e-4,3.997677839583935e-4,3.91409349782674e-4,6.562879540893711e-4,5.555721368838488e-4,0.0013205651737955557,7.437069323492112e-4,0.03093627067393415,3.652155364218111e-4,3.577192488655253e-4,7.591114536810923e-4,4.7538724616632953e-4,3.9787721188677764e-4,0.001224548557120598,0.008060663142391561,0.007129312863334058,0.006740667374510606,0.00349248015976808,0
ISIC 13T15,1.0067410109383535e-4,4.234921386445576e-5,2.977679241853663e-5,4.234921386445576e-5,3.854380752356089e-5,1.1792197822133843e-4,1.0171398966120984,6.765526974408221e-4,0.0021205824911853357,4.981655410907197e-5,1.1025224960996429e-4,1.1025224960996432e-4,9.491354498318119e-4,3.3869967540328753e-4,3.386996754032875e-4,3.0396673425543958e-5,2.9401122707664744e-5,3.460754727321067e-5,1.818460002451032e-5,4.48393096676628e-5,3.1426359733620584e-4,7.460449993461497e-4,4.3964237465828185e-4,0.0025300031800569805,1.6443043012989412e-5,1.700612980700243e-5,1.3150720378372096e-4,2.2172534595537875e-4,1.8571856383520175e-4,4.5894593484232825e-5,9.446674893265439e-5,5.749641807751715e-5,3.646738778945674e-5,2.974833789556318e-5,1.721776009045488e-5,2.189304980588898e-5,5.6534492841478915e-5,1.418065708888278e-4,6.162493884896482e-5,1.0034121539472583e-4,3.1640097717876135e-4,0
ISIC 16,0.0011787297714205103,0.0014283455743908996,1.9531090150688252e-4,0.0014283455743908996,0.001549032914349502,6.228681469044826e-4,3.830236040277996e-4,1.0988358662709135,0.006817475083190114,2.682934000690717e-4,3.7555955071867593e-4,3.7555955071867593e-4,0.003954622685292391,0.0012109880356613468,0.0012109880356613466,0.001332397427953769,0.0013869482022928392,5.086207143336417e-4,5.511334079701765e-4,0.0031311735094641164,0.001094888062823561,0.0025408643100475223,4.0399757061108254e-4,0.015905668523737877,2.8629211116351156e-4,2.96952080453029e-4,3.464238336872419e-4,0.01145685119165732,0.0013621529108713407,0.0029099627465577964,8.533552856591562e-4,4.2298561136452467e-4,6.25505673063324e-4,7.091554980248641e-4,1.820623905938412e-4,0.0010841681225945807,4.7006300457033836e-4,7.041208383711081e-4,2.8604471736767395e-4,5.979677861922872e-4,4.6244135206536326e-4,0
ISIC 17T18,0.0012486224332267754,0.0017823982597981207,0.0012785008482534006,0.0017823982597981207,0.0015437888467238095,0.011180501070747409,0.0032793835408989683,0.00525531648461247,1.0659654720792238,6.753009043407906e-4,0.004186933688375525,0.004186933688375525,0.007903822369317326,0.005698033385124341,0.0056980333851243395,0.0029136361852120977,0.0030283833524084418,0.003154701587488345,0.001149073517148443,0.004317805349695541,0.003015305025609075,0.004006579507457187,0.001169523893915992,0.007083201445503464,6.698315846521805e-4,7.238727465052127e-4,0.0019744954467471165,0.0016899651050657817,0.004855100329920853,0.0024089097818471364,0.004804252495653835,0.005384427374802321,0.0015028927247755471,0.004812791864398052,0.002883147267179159,5.398895631877476e-4,0.004016529676518321,0.004350339027816467,0.002447293504533443,0.004385856440252687,0.0027856467723307225,0
ISIC 19,0.004604331094279499,0.006486996816642328,0.003881601110292889,0.0064869968166423285,0.004849488767264814,0.0016444547940317525,7.805962109057483e-4,0.0023505405671941674,0.0018027645882460247,1.0071440933492735,0.0024868762144631966,0.002486876214463197,0.0015911928717953954,0.0018177917855684812,0.0018177917855684812,0.0034406178851369516,0.0032507610205633084,0.002322003000482877,2.8697862885328505e-4,0.002033886860441761,0.0014321239725206183,9.9253212654734e-4,4.2288075280648923e-4,0.0016638013009435502,0.005181213617027003,0.004875580135848062,0.003569602428306582,0.005188829677798978,8.345629853315745e-4,0.010411638480434315,0.001083856199890089,3.492757217265775e-4,3.2800584154865517e-4,6.970929603290625e-4,7.792908664451995e-4,4.751521411141108e-4,7.792814216874788e-4,0.005340471854986613,8.469448329459222e-4,6.735623908761907e-4,8.670488254139447e-4,0
ISIC 20,0.012851514382474059,0.00388969870224858,0.004208372535297742,0.00388969870224858,0.0032975073519252163,0.003801891076959499,0.02386980205117865,0.008046353457284845,0.009721489483405264,0.01431265981424674,1.0351216990296062,0.03512169902960644,0.04551927839405882,0.005437148593253454,0.005437148593253454,0.0020516790177945495,0.0014231258133371749,0.003613161673471793,0.0016272282943176142,0.004052669805706776,0.0022165741843014294,0.0046468811489989315,0.0011913620493832794,0.0075174665703165375,9.626813926243519e-4,9.252362006933688e-4,0.002768845654273777,0.0025529279435051342,8.018904414799989e-4,0.0010787717262715848,9.943238197646113e-4,6.766196294365339e-4,6.317185625997643e-4,8.601542315311262e-4,3.6704085789085965e-4,5.551650593218586e-4,0.0016018615643521176,0.0023161485274336858,8.037829671365463e-4,0.004952002484645511,0.0017353567667973701,0
ISIC 21,0.008567676254982708,0.0025931324681657195,0.002805581690198495,0.0025931324681657195,0.0021983382346168106,0.002534594051306333,0.015913201367452435,0.005364235638189897,0.006480992988936838,0.009541773209497825,0.02341446601973762,1.0234144660197377,0.030346185596039212,0.003624765728835636,0.0036247657288356367,0.001367786011863033,9.487505422247834e-4,0.0024087744489811953,0.0010848188628784093,0.002701779870471185,0.0014777161228676197,0.003097920765999287,7.942413662555194e-4,0.005011644380211025,6.417875950829014e-4,6.168241337955793e-4,0.0018458971028491838,0.0017019519623367562,5.345936276533325e-4,7.19181150847723e-4,6.628825465097412e-4,4.510797529576893e-4,4.21145708399843e-4,5.734361543540843e-4,2.446939052605731e-4,3.701100395479058e-4,0.0010679077095680787,0.0015440990182891243,5.358553114243638e-4,0.0033013349897636746,0.0011569045111982468,0
ISIC 22,0.0019095345948474819,0.002808126317839783,5.159362654151615e-4,0.002808126317839783,0.0019599493475198734,0.006634250692378333,0.002681467722288327,0.003214241276815006,0.005855152992681362,6.278783002257508e-4,0.003854790791770982,0.003854790791770982,1.02296598345362,0.0023441494946464417,0.0023441494946464417,8.387962810674164e-4,8.496088885526247e-4,0.0019182133663139544,0.0022883354132132608,0.004728638877998203,0.0062096445215477445,0.00907438017077242,0.0027495197587927844,0.009242931757833401,2.4764891154797225e-4,2.7978429028924153e-4,0.001163035203215804,0.004933474648351648,0.002103074647855785,0.0010676513384684095,0.0024298895189408666,0.001187154174841248,0.0020991530289068867,0.0011825580483705877,3.059099903643618e-4,2.702976828338671e-4,9.674255872455117e-4,0.0013870014803619851,5.844984641398712e-4,0.0022407323505909756,0.0011963016972592797,0
ISIC 231,3.9696715582359475e-5,4.0055454077433353e-4,2.3377686432392923e-4,4.005545407743335e-4,5.496760986372288e-4,2.2127728680184516e-4,3.685143053178848e-5,4.928289696456041e-4,1.3423227464391574e-4,1.792874626313241e-4,1.2470895506605024e-4,1.247089550660502e-4,3.900167891566694e-4,1.005617229880018,0.005617229880017571,4.472763638022366e-4,4.6101468420142754e-4,1.9123396695451992e-4,5.073770624834046e-5,7.309413838691176e-4,0.00020446075513821076,6.238702744705063e-4,4.834202938778572e-5,2.2313353554785298e-4,4.907477396077612e-5,4.9744462868228646e-5,9.28088576479411e-5,0.0024053411306636935,4.1266413912038976e-5,4.6415845607529455e-5,1.1561264833103471e-4,6.583196081676988e-5,1.2613431787702705e-4,6.851559593176996e-5,1.9577208244393798e-5,8.513969995711828e-5,9.092184295913524e-5,1.179660816905638e-4,3.647055879500068e-5,1.0650475610116453e-4,1.1881961879466183e-4,0
ISIC 239,3.572704402412353e-4,0.0036049908669690016,0.002103991778915365,0.0036049908669690016,0.00494708488773506,0.0019914955812166076,3.3166287478609635e-4,0.0044354607268104395,0.001208090471795241,0.0016135871636819173,0.0011223805955944525,0.0011223805955944523,0.003510151102410024,0.05055506892015813,1.0505550689201584,0.004025487274220129,0.004149132157812848,0.0017211057025906798,4.5663935623506413e-4,0.006578472454822061,0.0018401467962438965,0.005614832470234558,4.350782644900715e-4,0.002008201819930676,4.416729656469851e-4,4.477001658140578e-4,8.352797188314698e-4,0.021648070175973227,3.7139772520835076e-4,4.1774261046776507e-4,0.0010405138349793128,5.924876473509292e-4,0.0011352088608932436,6.166403633859301e-4,1.7619487419954423e-4,7.662572996140641e-4,8.182965866322172e-4,0.0010616947352150741,3.2823502915500606e-4,9.585428049104813e-4,0.0010693765691519566,0
ISIC 241,4.213785812106364e-4,0.0014684412516465593,0.0030645902759345845,0.0014684412516465595,0.0011687682904565828,7.501328573620342e-4,3.472652183728831e-4,9.238774988825188e-4,9.816335180221226e-4,5.541555777093385e-4,3.3598681822318856e-4,3.359868182231885e-4,0.0016027276753192929,0.002294992329446755,0.002294992329446756,1.0290853829260374,0.03054802238976488,0.032744221308498696,0.0019931759055266973,0.016810085769236732,0.01661456579653424,0.01171670111013894,0.003857481360717127,0.00589177412185325,4.04670568024424e-4,4.095982802357892e-4,7.704890026632148e-4,0.0013810775008685058,1.643067921472332e-4,0.001084334367427658,1.9762425719372365e-4,1.5788988477286335e-4,2.4633504351131573e-4,2.2232426436304828e-4,8.505046548503784e-5,1.3005230714404657e-4,1.9820457224857836e-4,5.193765244394593e-4,1.887336007055153e-4,1.6871270961885313e-4,3.0978974154859514e-4,0
ISIC 242,1.918818593130915e-4,9.860573742171636e-4,0.0023785071712085337,9.860573742171634e-4,7.952423031736862e-4,5.591425078629351e-4,2.582071330696384e-4,6.778523080834126e-4,7.432956131774652e-4,2.1618719383343025e-4,1.923239466025708e-4,1.9232394660257076e-4,0.0012584885976574002,0.0018173629496405685,0.0018173629496405688,0.023682889040735608,1.024885898073111,0.02671362662416382,0.0016212514339393528,0.013686173259872618,0.013546183337420298,0.00955343573220826,0.0031420797601558396,0.004765297523723165,1.5905683126163687e-4,1.7323686482609673e-4,5.118748398163403e-4,9.576823468077061e-4,1.0672195983634823e-4,5.414741119335322e-4,1.2570415990039683e-4,1.1758526488264748e-4,1.9065573180832382e-4,1.5875536216067575e-4,4.371113251895064e-5,9.062945823080178e-5,1.3629207892968014e-4,2.476191409305253e-4,1.2629640300236339e-4,1.1567267300122203e-4,2.2467480247218837e-4,0
ISIC 25,0.0013653052810129306,0.003660342781608076,0.005926605793312744,0.003660342781608076,0.0031678562070704855,0.00533463187754138,0.0023353473110018725,0.00804785438406041,0.006809638367415766,0.001412022929266603,0.003408417410233574,0.003408417410233574,0.009080038915978049,0.004974354385893014,0.004974354385893014,0.00722102775802637,0.007518823559230287,1.030358885191957,0.005749994490866641,0.02116226736003217,0.017849488366420564,0.011391864066387898,0.010269170296309306,0.011246707377693973,6.198093050426242e-4,0.0013873477897978182,0.005348697997240008,0.013329778686367753,6.31454181625769e-4,0.0016070293832918382,0.001317758651499698,0.0016284538604322426,0.0027452989004409694,0.0015512115338144744,2.8158064531771205e-4,5.903226811974501e-4,8.788576255784355e-4,0.0013681669078225947,6.488597513152584e-4,8.222923509795771e-4,0.0013044307006359927,0
ISIC 26,1.4950200296296945e-4,3.243136771592337e-4,3.207967762394145e-4,3.243136771592337e-4,3.2202744026819415e-4,6.227061812342214e-4,8.986941389048848e-4,0.001574001393100236,0.001770536575575359,1.8546639380406598e-4,0.0011236034986631563,0.0011236034986631563,0.0016708604000521933,8.46526955491293e-4,8.46526955491293e-4,0.0010327787750841245,0.0010762158313255062,0.002159974264173546,1.0130856156744399,0.00521568264502608,0.0026856510818029835,0.002334118226522059,0.005740550582220321,0.0022178749344010994,1.7764530272612895e-4,1.7972118487308536e-4,6.996727930438939e-4,7.268598504972249e-4,0.0010798202055036907,2.6835526060452425e-4,3.1294062206605226e-4,0.001120639324437399,0.0015145165640279882,0.0014270634142793163,1.7048292108890232e-4,1.0796713502902932e-4,6.553468331652241e-4,7.695683848073785e-4,6.378293176265866e-4,7.606087247134613e-4,4.2602071347765287e-4,0
ISIC 27,2.2871496828706653e-4,4.1263578524975087e-4,3.5474524866071654e-4,4.126357852497509e-4,4.4938659479742656e-4,2.340047530570882e-4,1.75098238091248e-4,5.639335277264364e-4,2.5631918249881545e-4,1.4911541551256244e-4,4.089855258094656e-4,4.089855258094655e-4,7.417173162509497e-4,3.779161806146266e-4,3.779161806146266e-4,0.0019971001790893604,0.002091836217275695,0.002084549168969273,9.58679216229698e-4,1.011889990357123,0.005478000576263506,0.0021495685717486503,8.717509171959718e-4,7.355384395240382e-4,1.706264434813392e-4,1.7571391570425166e-4,6.368151319367342e-4,0.003729195568056263,4.197560471155261e-4,0.00040699516864094453,3.3562002078117974e-4,3.684741809979348e-4,5.956441382347409e-4,8.457098184249303e-4,1.395206936654813e-4,1.8854095721399641e-4,4.5034956137710914e-4,6.438819069611009e-4,2.924575494776085e-4,3.0043022282615176e-4,0.0010491117436019193,0
ISIC 28,3.429900009869101e-4,0.006541394494011027,0.006577783894055806,0.006541394494011029,0.00904188364580552,8.991818145455759e-4,3.188262252779326e-4,0.0012214506316504284,0.0019333839181602532,2.335792992705337e-4,9.429003976592882e-4,9.42900397659288e-4,0.0018965739069913353,6.25698583825484e-4,6.25698583825484e-4,0.001113072421885379,0.001158159208146209,0.003317561898054305,3.1839763304696716e-4,0.0028273131060096877,1.016413865908835,0.009013344728655712,0.002548535860342742,7.89812246900023e-4,3.549770217089009e-4,3.796224959223391e-4,0.003984593602655472,0.00544333468915729,4.533217001030264e-4,7.378788178086016e-4,4.917631618397074e-4,4.0164176877132714e-4,5.628105333468947e-4,8.426112406780122e-4,1.943250923049629e-4,2.8213504876236544e-4,4.98479559965281e-4,5.871227256094605e-4,0.0014757469271903325,4.6146551545238416e-4,0.0012397001051979893,0
ISIC 29,7.302501992248464e-4,0.0022231085758690336,0.0013601024369188708,0.002223108575869034,0.001493250898034504,0.0012803637684870796,8.338680961328177e-4,0.0026997547636332356,0.001128678660255518,2.5832979780550776e-4,6.193724512944331e-4,6.193724512944331e-4,7.599982288138324e-4,0.001016430190691166,0.001016430190691166,7.433177203105025e-4,7.681803897718108e-4,0.001189456447028513,6.275618110670283e-4,0.0013099708345882379,0.006012856470796562,1.0566857613205516,0.0017355284559743556,0.00121822234564876,3.339487152197755e-4,3.4193253607254793e-4,0.002005450609397096,7.050351671963159e-4,0.0012681998050522163,0.0020583128390743565,7.617954794698882e-4,5.633162563976859e-4,6.52822890550793e-4,5.919256248319111e-4,3.0934250464419557e-4,2.2067812671953418e-4,0.001267396869315426,0.0010242571495760416,5.135629250288834e-4,8.375312432379238e-4,0.0020601109782915506,0
ISIC 30,5.9347187122520745e-5,1.4743987635523444e-4,1.2709920804909898e-4,1.4743987635523444e-4,1.333480391314994e-4,1.0382486772213281e-4,9.166433077502115e-5,1.1628482165801489e-4,9.600122852899697e-5,5.1092397268545e-5,8.278231818090149e-5,8.278231818090147e-5,8.198779916094277e-5,1.1932985899240533e-4,1.1932985899240533e-4,8.092239801906909e-5,8.245161846823032e-5,1.4464485653584267e-4,6.305241251010894e-5,7.428236673098096e-5,2.2617310581914924e-4,3.5239206289454714e-4,1.0303880555822504,8.576249578915662e-5,9.579009955098695e-5,9.626530106211804e-5,2.7166370235632843e-4,7.598063599839814e-5,1.4248790092497588e-4,0.0013024915213528394,1.2713722702018232e-4,8.768184985097882e-5,8.235747301990306e-5,1.257686529071016e-4,7.355762530854389e-5,4.9948225872238566e-5,2.045236427469381e-4,0.0015944354221166053,6.799033459823268e-5,1.0878606775702965e-4,1.0625990345799334e-4,0
ISIC 31T33,2.0074204068488792e-4,3.861940759779431e-4,1.8055751001845789e-4,3.8619407597794314e-4,3.104868466484868e-4,1.718804152591143e-4,8.488663636299675e-4,0.0015655969145709399,2.0330253783117457e-4,1.2949300894670856e-4,2.3900755947172284e-4,2.3900755947172279e-4,9.777064331048932e-4,3.334496227268052e-4,3.334496227268053e-4,1.647596305007633e-4,1.6656755666557722e-4,2.021423389286332e-4,1.5782995774056257e-4,9.55585563044807e-4,0.0016233463547785446,9.430341035150915e-4,3.438655992390475e-4,1.0103746042893942,1.388023367441366e-4,1.4334170218971358e-4,7.883025505898302e-4,0.005146859122585364,3.175615832620721e-4,2.2762670073976732e-4,3.4151491662484147e-4,1.6694857031892798e-4,2.2696163480803895e-4,3.287840623796257e-4,1.0837792970019284e-4,4.190271433313816e-4,3.540684979397157e-4,6.031830432563513e-4,3.028856841343646e-4,0.004651815191937793,7.359549208711519e-4,0
ISIC 351,0.0040828526913856385,0.006211015986073457,0.0053185836767237465,0.006211015986073457,0.0012823989439980196,0.0022231176348767416,0.0019991255052690038,0.0030167323976382733,0.004048970295070752,0.005083906750497519,0.0029796236583105344,0.0029796236583105335,0.0033849817293957005,0.004874578911765829,0.00487457891176583,0.003598353830882077,0.0035221976845250507,0.0023089166089556015,7.403992470693278e-4,0.0012470945774280915,0.0013151435173578228,0.0010885410210703154,0.001485569269006807,0.0013824065583587905,1.0095980415839203,0.009209226191918312,0.006686480554754071,0.0012720105129212392,0.0021753724021081563,0.0017376409414422093,0.0035315173451321447,8.693314365697247e-4,0.0012716076993234406,9.147055055643821e-4,4.8189010060034084e-4,0.0013386112549511324,9.919851157220874e-4,0.0019493821105636402,0.0023905098572472596,0.0014772278544905213,0.0018398784656254257,0
ISIC 352T353,0.0012350459333645796,0.0018761227858674534,0.0017542856551449396,0.0018761227858674536,3.8972041848888095e-4,6.69795331581927e-4,6.02590738085534e-4,9.090581391980338e-4,0.0012194378630165387,0.001813323131696961,9.00206487292747e-4,9.002064872927467e-4,0.0010192673556600653,0.0014674314597452806,0.001467431459745281,0.0010979453731977107,0.0010612718810874915,6.959070649752661e-4,2.2294991905854225e-4,3.7628312521121747e-4,3.9645627969463263e-4,3.278834135337877e-4,4.4710116053023525e-4,4.167406460269659e-4,0.002993401461601465,1.0028681569205924,0.001989960876286138,3.852586038059254e-4,6.548351452039507e-4,5.33034418632877e-4,0.0010622660234017585,2.6209710111869115e-4,3.830662021883818e-4,2.760955480842917e-4,1.4531080308118313e-4,3.9614039256852447e-4,2.9841544709745434e-4,5.943480914807185e-4,7.19373056242584e-4,4.4368461993351914e-4,5.527783620914368e-4,0
ISIC 36T39,8.946145748507936e-4,0.0013709525354670907,0.0011646635847579298,0.0013709525354670907,4.48919978758563e-4,6.413711824075252e-4,5.211956868480484e-4,7.733091740447292e-4,9.963313761575038e-4,0.0010073200032439727,8.488416023929187e-4,8.488416023929185e-4,8.516381286078378e-4,0.0012195805649764713,0.0012195805649764713,8.593170571029873e-4,8.517297582065591e-4,6.098533039600406e-4,1.964545153602421e-4,3.312914558381984e-4,3.75239475749235e-4,2.8107683632977963e-4,3.7538958303527653e-4,4.24668015275196e-4,0.001974686924417558,0.0019353617497836718,1.009531369004241,4.120276859136247e-4,6.524288718573148e-4,5.971386221405773e-4,0.0010532716873058253,2.3993858944470928e-4,3.227996794854567e-4,2.831844278372202e-4,2.3287817591576321e-4,0.0012941781708818525,4.5246974167830405e-4,0.0013019003271179663,6.658487848565632e-4,6.301437091588301e-4,6.932883673357628e-4,0
ISIC 41T43,0.005300607501311006,0.03343221181239989,0.002802585444356937,0.033432211812399894,0.021190903265665344,0.003761276206117276,0.002536325916189149,0.004395758005247184,0.00654145486853742,0.015278579935071354,0.003622243515888363,0.0036222435158883627,0.004541460936990087,0.008812168784039315,0.008812168784039315,0.00623515949240338,0.005771552951225281,0.00502829961933109,0.0020003788088092805,0.0022328923157116883,0.0033118893001059906,0.0021495276056324075,0.001858463575730493,0.0031035418321151338,0.012126550217870112,0.012641802957335043,0.0058438897301128345,1.001586007611095,0.005519339196842434,0.008685854374126313,0.006745129699627629,0.0028083508105814867,0.004321393122827713,0.0023439403813822167,0.004219794650067843,0.03116217719886134,0.003398001832845923,0.021001179803225398,0.008362747151504478,0.004261128465833862,0.007187269107013272,0
ISIC 45T47,0.0393254209244204,0.018482081811700274,0.010376190643678538,0.018482081811700274,0.014629187128262472,0.03468802629397716,0.02009960721018605,0.03683186536963993,0.027195557506651508,0.014223146835664429,0.026494208746851346,0.026494208746851343,0.02591831248864267,0.018844437331798063,0.018844437331798063,0.028161879024392125,0.028876441336228815,0.019404391628672454,0.010997991113994085,0.0234946784733351,0.029639868780554787,0.03752510491523001,0.013352567069581938,0.02583861139573867,0.011755155316933445,0.011441185816428959,0.01508902699440953,0.060463714434374885,1.0111766053448643,0.022698225422173503,0.019217542559568222,0.010063844563352756,0.010791849719401858,0.006353097824918531,0.0037585201830390783,0.005939453730506884,0.009186832817029028,0.009942910740161133,0.006318719969841328,0.01075608952587281,0.01447786347996001,0
ISIC 49T53,0.02476765662528288,0.023176296190595472,0.006915378560880336,0.023176296190595472,0.010695736037119444,0.03258158395624795,0.01810938048998859,0.03684450631535252,0.02929741064848925,0.01682635023706034,0.015254047610936973,0.01525404761093697,0.025304505783991606,0.04782028691447597,0.04782028691447597,0.03173054062933292,0.032494596685404435,0.014754513102997743,0.003979553169660773,0.011689745589556605,0.011834489527023455,0.01205495449996366,0.005890899765317269,0.01635267130882523,0.02969022385090894,0.029259261381964802,0.02800350300323447,0.014036068617598471,0.03422924247895667,1.120505764486058,0.010109665504425895,0.007154047245824518,0.004829686839467819,0.016289851727789836,0.008509445142971916,0.0041391962418753855,0.013680086230356207,0.016245339612836137,0.007128932197223367,0.012663020172675829,0.009788377178088756,0
ISIC 55T56,0.0018593295679873133,0.0020530778269193784,0.0016864819876410877,0.0020530778269193784,0.006849319325239989,0.0021680174011145456,0.001811527150286442,0.0030150796854798313,0.003518731829503812,0.0010437073385041226,0.001492495698424275,0.0014924956984242747,0.003319594903696863,0.00416845019685069,0.004168450196850691,0.0022556790945658695,0.002317810235918353,0.0028764623724221927,7.898139340678621e-4,0.0013680661887042961,0.002408157933306024,0.0015133985461352607,0.0011106098069095724,0.0029223328822277315,0.0065068258249783625,0.006217201075308863,0.009036399397165946,0.0016515751433231831,0.005943751753584492,0.007675191909848706,1.0152809592910401,0.003771352205262546,0.003527446230310781,0.015669834639380036,0.010815438065946365,0.008727342658709664,0.013605035300044935,0.006202844556789162,0.007023482623163157,0.02257244344109296,0.005879175022559679,0
ISIC 58T60,8.967720173765411e-4,0.001279566416624919,0.001297821935638417,0.001279566416624919,0.0022357343385677837,0.0010357366263561288,9.344253211167328e-4,0.0014421908591869875,0.0014364039092523105,3.2555216324711814e-4,6.839474636882634e-4,6.839474636882633e-4,9.179842175271105e-4,0.002277993278923515,0.002277993278923515,7.478184557410263e-4,7.694657314107004e-4,0.0013900429186280076,5.347319140723585e-4,6.954715624963417e-4,0.00134160387884391,6.253476351146652e-4,9.282218030105989e-4,0.001269356776168863,0.0013268393267753173,0.0017911083755827288,0.0026319422902391617,0.001431866727561121,0.002279039691591564,0.0020406401593401446,0.003199305552668224,1.0225637384304507,0.029677472245723174,0.0057006028412372265,0.0021678459639408363,9.016098343249956e-4,0.003161159522846929,0.007254778991177217,0.002332089999373232,0.002173887661766213,0.0025074957831251947,0
ISIC 61,0.0017756160482831189,0.0028165288062699636,0.0028392295760504846,0.0028165288062699636,0.004730520849866806,0.0021903828910769087,0.002025991194112056,0.0028741812808671667,0.0028949279632622398,6.965328154192017e-4,0.0014916746965813025,0.001491674696581302,0.0019049171177624154,0.004655067139721438,0.004655067139721438,0.0015461887803326485,0.0015897459792467196,0.0028394539590235334,0.001122198807078569,0.0014719016335697156,0.0027967870654509557,0.0013277315140418728,0.0018149510607745514,0.0026109791369087632,0.0025989588196322906,0.003539502315754581,0.005348624883395301,0.00283849878919789,0.004437975197947212,0.0041328409022310195,0.006248712799419602,0.030939916552803343,1.054690552960036,0.010626807171757641,0.0042299484424723885,0.0018458987441393334,0.005824900903959434,0.013735946433148578,0.004192323688285051,0.003953792072534527,0.004924001640539866,0
ISIC 62T63,0.0024609820390570996,0.008286824697413087,0.01216021612636564,0.008286824697413087,0.006391812637991443,0.005099055780042403,0.004972973871201963,0.007773790469887877,0.007371283439564682,0.0023093409149333834,0.0033923724074818706,0.0033923724074818706,0.004939034155468943,0.010360723278752404,0.010360723278752405,0.004742699009343548,0.0048674439260207175,0.008847110463547019,0.002773242666337389,0.004680807808759293,0.009564601285932887,0.0034897536826378555,0.008338964498323222,0.008158728410144466,0.01141467341358725,0.011029027454322772,0.014924608242658097,0.005420234999753855,0.012458147507958395,0.00793257393931802,0.014966871300402326,0.024140130682800652,0.018805358880016037,1.0296117181568727,0.014141469132078102,0.002757805015444746,0.01888774641096703,0.020687770831942107,0.01351908897888837,0.009195087951759606,0.011833895556680164,0
ISIC 64T66,0.00620633080463754,0.01977633674550963,0.013850054484273892,0.01977633674550963,0.06008912223267419,0.00484042493586504,0.006291466901661103,0.004313117869568441,0.00410205824523846,0.0017493511032545541,0.0037782962477285902,0.0037782962477285894,0.004361011759007891,0.006730719600753891,0.006730719600753891,0.008383505407996494,0.008723602094904023,0.008439437003315925,0.003409992181386065,0.006964892068214933,0.008018722918452712,0.0063382011470113735,0.0037485411116668,0.009666278521698093,0.006506413851794727,0.007486208787602049,0.007409050103497459,0.003668408997871673,0.010104107889463575,0.015651996894111356,0.014463480134820362,0.006721684623645503,0.007217152765522284,0.005853867176585212,1.0601698140654618,0.015256678960092395,0.012627870570226369,0.010170640629844968,0.007471336289268758,0.013341282316924592,0.010075908487470399,0
ISIC 68,0.014752761526489943,0.009502179876735696,0.012243195985546122,0.009502179876735696,0.0167939716081663,0.013064083210015285,0.015459598718218776,0.013767807054334797,0.020754011549298033,0.0034135654991055385,0.010961389362343046,0.010961389362343046,0.017144981467532943,0.015004971617591567,0.01500497161759157,0.007014163234958728,0.007198746122935145,0.019246012921537402,0.01133662128868939,0.009774080901992787,0.01146145717143771,0.007997249231617109,0.006942056598250244,0.018993569300611052,0.02202354430515724,0.02145316375931837,0.031700428368090235,0.016676585757144438,0.0688588596835828,0.03013271523387365,0.0603023380678975,0.032140767178902005,0.039463069648391184,0.028085787064305808,0.03307385878493717,1.0386145735392809,0.0533313480492295,0.017084919037641935,0.09871237253697165,0.07845012092336197,0.09223798505102032,0
ISIC 69T82,0.011151222820919054,0.06850956819339349,0.07231478264574664,0.06850956819339349,0.07123183646570555,0.035738508554046075,0.04142630941404875,0.020100937924505118,0.031267656063380445,0.014962054869123335,0.035236027630057926,0.035236027630057926,0.024678920926377478,0.03478118366721631,0.03478118366721631,0.021659948146653354,0.022003312380934135,0.03628736306570591,0.022132168109513965,0.025123326420037517,0.04182055308027695,0.024651712693870547,0.024810453576952256,0.034633536935288235,0.032966151839663456,0.03350212868558357,0.054676807558186866,0.025869805379100778,0.06117574283090792,0.05481249979435451,0.06710771131355901,0.04709149102595884,0.04406541752719714,0.06446689012973347,0.038064654125270825,0.022604656326355072,1.0632657358517414,0.02726065046611566,0.032738681731240046,0.05508682470520595,0.04221110436375225,0
ISIC 84,0.0038096804763108993,0.005578882456868403,0.0044520719958027625,0.005578882456868403,0.004456720409171756,0.005049693649207631,0.0038222028761896497,0.004260435017428564,0.0051491520056639525,0.0034062139427885668,0.004588630966187039,0.004588630966187039,0.003921989214660424,0.005891425041141391,0.005891425041141392,0.003917649630975069,0.003943868132253246,0.0036797695640531617,0.0014724489564783905,0.002405793979318016,0.003280617525165518,0.0020801424662143944,0.002194141806051931,0.0033298143834072035,0.00666016799660987,0.006660779005261679,0.013248456682149036,0.0022431014492215085,0.006367121746194184,0.007001703038687937,0.008222355900008775,0.003588452298755828,0.00372541633387854,0.0045676974672004145,0.0039358737491026466,0.0033882389957156345,0.0055819034922645755,1.0066438694138244,0.004577353692188696,0.006770537324845125,0.0060341107235530765,0
ISIC 85,2.0519273020837503e-4,7.491483664214738e-4,7.779652835027803e-4,7.491483664214738e-4,9.411850419282381e-4,4.4532015501307e-4,4.724136693567136e-4,3.629782817492715e-4,4.932776275544376e-4,2.0222052060374547e-4,4.004901317523765e-4,4.0049013175237646e-4,3.9261064076735123e-4,5.511390234200948e-4,5.511390234200948e-4,3.26552453891283e-4,3.329262698511674e-4,4.989459400411789e-4,2.4646064112916245e-4,3.130932870004972e-4,5.340126113880932e-4,3.116503491939225e-4,3.206570670740517e-4,4.809538337579461e-4,6.727849030710034e-4,6.626475287509465e-4,9.733249968265944e-4,3.5035117417224384e-4,0.0010717690994452805,8.69790719646481e-4,0.0012907362385099978,6.777649798719226e-4,6.241402663927837e-4,0.0014006326233115785,8.554933614436177e-4,5.732319767329231e-4,0.0012279539023377988,0.0011160765850057916,1.001856092306019,0.001422391676710085,0.0015939891852567523,0
ISIC 86T88,1.967670568438563e-4,4.0714093247126243e-4,3.7248634107020555e-4,4.071409324712625e-4,3.786225783490111e-4,2.8090319710357206e-4,2.487593586926391e-4,2.5996132401444685e-4,2.698032829752126e-4,1.4459951801306563e-4,2.3997436710954123e-4,2.3997436710954115e-4,2.2117127589107218e-4,2.8444647407838895e-4,2.8444647407838906e-4,2.157379744615612e-4,2.1938485275809942e-4,0.00026496144264357883,1.3247550918665896e-4,1.992255660256119e-4,3.1337419621125807e-4,2.3017756540879002e-4,1.9274532959635016e-4,2.7050440929509144e-4,2.854301422304479e-4,2.817617656197705e-4,4.0130052573949013e-4,3.1567973508402183e-4,3.645429428096896e-4,3.544369087610746e-4,4.6033093401315296e-4,3.0564105058326294e-4,2.6055370409515724e-4,5.007025261812764e-4,2.866169458256643e-4,1.9427192200041534e-4,4.6492899209301617e-4,0.003926141422375583,2.720213661665833e-4,1.0108802853264636,4.594909621958384e-4,0
ISIC 90T96,0.002526806796366349,0.0032832386762177436,0.002198051747982516,0.0032832386762177436,0.006609633363331244,0.004055914737847435,0.003079408178703744,0.005071274033988275,0.007088924779398612,0.0027326057684974705,0.003927583911379518,0.003927583911379517,0.0053083440574626314,0.009148600922184929,0.009148600922184929,0.005949782347095057,0.006114709336326446,0.005942924919966922,0.0021552410174598947,0.0025231481983202827,0.0041746276650117655,0.0027275810669065755,0.0022920870253454895,0.003992117938306147,0.0036526816343300694,0.0043291060699740475,0.024536287622343545,0.005077125403140522,0.009972524170057928,0.012561251350226585,0.013143177621172456,0.019894907759641492,0.029393356140933826,0.007448385853878217,0.007595624031430659,0.008374443408623816,0.013421315097928783,0.011541869572279607,0.010141807608404866,0.010651205444279188,1.0234728723131459,0
ISIC 97T98,0,0,0,0,0,0,0,0,0,0,0,0,0,0,0,0,0,0,0,0,0,0,0,0,0,0,0,0,0,0,0,0,0,0,0,0,0,0,0,0,0,1
