Pollutant:,CO2,Unit: grams of CO2,,,,,,,,,,,,,,,,,,,,,,,,,,,,,,,,,,
,2015.0,2016.0,2017.0,2018.0,2019.0,2020.0,2021.0,2022.0,2023.0,2024.0,2025.0,2026.0,2027.0,2028.0,2029.0,2030.0,2031.0,2032.0,2033.0,2034.0,2035.0,2036.0,2037.0,2038.0,2039.0,2040.0,2041.0,2042.0,2043.0,2044.0,2045.0,2046.0,2047.0,2048.0,2049.0,2050.0
agriculture and forestry 01T03,0.0,0.0,0.0,0.0,0.0,459805905487.7054,165810155211.41602,164905496712.7708,164905496712.7708,164905496712.7708,164905496712.7708,164905496712.7708,164905496712.7708,164905496712.7708,164905496712.7708,164905496712.7708,164905496712.7708,164905496712.7708,164905496712.7708,164905496712.7708,164905496712.7708,164905496712.7708,164905496712.7708,164905496712.7708,164905496712.7708,164905496712.7708,164905496712.7708,164905496712.7708,164905496712.7708,164905496712.7708,164905496712.7708,164905496712.7708,164905496712.7708,164905496712.7708,164905496712.7708,164905496712.7708
coal mining 05,0.0,0.0,0.0,0.0,0.0,116778625.71513599,32316097.68217601,54349800.647296,54349800.647296,54349800.647296,54349800.647296,54349800.647296,54349800.647296,54349800.647296,54349800.647296,54349800.647296,54349800.647296,54349800.647296,54349800.647296,54349800.647296,54349800.647296,54349800.647296,54349800.647296,54349800.647296,54349800.647296,54349800.647296,54349800.647296,54349800.647296,54349800.647296,54349800.647296,54349800.647296,54349800.647296,54349800.647296,54349800.647296,54349800.647296,54349800.647296
oil and gas extraction 06,0.0,0.0,0.0,0.0,0.0,26955443.838573385,12058561.022741845,14851161.01067054,14851161.01067054,14851161.01067054,14851161.01067054,14851161.01067054,14851161.01067054,14851161.01067054,14851161.01067054,14851161.01067054,14851161.01067054,14851161.01067054,14851161.01067054,14851161.01067054,14851161.01067054,14851161.01067054,14851161.01067054,14851161.01067054,14851161.01067054,14851161.01067054,14851161.01067054,14851161.01067054,14851161.01067054,14851161.01067054,14851161.01067054,14851161.01067054,14851161.01067054,14851161.01067054,14851161.01067054,14851161.01067054
other mining and quarrying 07T08,0.0,0.0,0.0,0.0,0.0,0.0,0.0,0.0,0.0,0.0,0.0,0.0,0.0,0.0,0.0,0.0,0.0,0.0,0.0,0.0,0.0,0.0,0.0,0.0,0.0,0.0,0.0,0.0,0.0,0.0,0.0,0.0,0.0,0.0,0.0,0.0
food beverage and tobacco 10T12,0.0,0.0,0.0,0.0,0.0,0.0,0.0,0.0,0.0,0.0,0.0,0.0,0.0,0.0,0.0,0.0,0.0,0.0,0.0,0.0,0.0,0.0,0.0,0.0,0.0,0.0,0.0,0.0,0.0,0.0,0.0,0.0,0.0,0.0,0.0,0.0
textiles apparel and leather 13T15,0.0,0.0,0.0,0.0,0.0,0.0,0.0,0.0,0.0,0.0,0.0,0.0,0.0,0.0,0.0,0.0,0.0,0.0,0.0,0.0,0.0,0.0,0.0,0.0,0.0,0.0,0.0,0.0,0.0,0.0,0.0,0.0,0.0,0.0,0.0,0.0
wood products 16,0.0,0.0,0.0,0.0,0.0,0.0,0.0,0.0,0.0,0.0,0.0,0.0,0.0,0.0,0.0,0.0,0.0,0.0,0.0,0.0,0.0,0.0,0.0,0.0,0.0,0.0,0.0,0.0,0.0,0.0,0.0,0.0,0.0,0.0,0.0,0.0
pulp paper and printing 17T18,0.0,0.0,0.0,0.0,0.0,0.0,0.0,0.0,0.0,0.0,0.0,0.0,0.0,0.0,0.0,0.0,0.0,0.0,0.0,0.0,0.0,0.0,0.0,0.0,0.0,0.0,0.0,0.0,0.0,0.0,0.0,0.0,0.0,0.0,0.0,0.0
refined petroleum and coke 19,0.0,0.0,0.0,0.0,0.0,0.0,0.0,0.0,0.0,0.0,0.0,0.0,0.0,0.0,0.0,0.0,0.0,0.0,0.0,0.0,0.0,0.0,0.0,0.0,0.0,0.0,0.0,0.0,0.0,0.0,0.0,0.0,0.0,0.0,0.0,0.0
chemicals 20,0.0,0.0,0.0,0.0,0.0,610830562481.854,632313893830.6388,652185433652.8107,652185433652.8107,652185433652.8107,652185433652.8107,652185433652.8107,652185433652.8107,652185433652.8107,652185433652.8107,652185433652.8107,652185433652.8107,652185433652.8107,652185433652.8107,652185433652.8107,652185433652.8107,652185433652.8107,652185433652.8107,652185433652.8107,652185433652.8107,652185433652.8107,652185433652.8107,652185433652.8107,652185433652.8107,652185433652.8107,652185433652.8107,652185433652.8107,652185433652.8107,652185433652.8107,652185433652.8107,652185433652.8107
rubber and plastic products 22,0.0,0.0,0.0,0.0,0.0,0.0,0.0,0.0,0.0,0.0,0.0,0.0,0.0,0.0,0.0,0.0,0.0,0.0,0.0,0.0,0.0,0.0,0.0,0.0,0.0,0.0,0.0,0.0,0.0,0.0,0.0,0.0,0.0,0.0,0.0,0.0
glass and glass products 231,0.0,0.0,0.0,0.0,0.0,35278950655.711784,39391840848.841,32574118774.485775,32574118774.485775,32574118774.485775,32574118774.485775,32574118774.485775,32574118774.485775,32574118774.485775,32574118774.485775,32574118774.485775,32574118774.485775,32574118774.485775,32574118774.485775,32574118774.485775,32574118774.485775,32574118774.485775,32574118774.485775,32574118774.485775,32574118774.485775,32574118774.485775,32574118774.485775,32574118774.485775,32574118774.485775,32574118774.485775,32574118774.485775,32574118774.485775,32574118774.485775,32574118774.485775,32574118774.485775,32574118774.485775
cement and other nonmetallic minerals 239,0.0,0.0,0.0,0.0,0.0,6556913202022.649,6613503931179.343,6605613487069.529,6605613487069.529,6605613487069.529,6605613487069.529,6605613487069.529,6605613487069.529,6605613487069.529,6605613487069.529,6605613487069.529,6605613487069.529,6605613487069.529,6605613487069.529,6605613487069.529,6605613487069.529,6605613487069.529,6605613487069.529,6605613487069.529,6605613487069.529,6605613487069.529,6605613487069.529,6605613487069.529,6605613487069.529,6605613487069.529,6605613487069.529,6605613487069.529,6605613487069.529,6605613487069.529,6605613487069.529,6605613487069.529
iron and steel 241,0.0,0.0,0.0,0.0,0.0,0.0,1587522103.4555109,10196183341.96608,10196183341.96608,10196183341.96608,10196183341.96608,10196183341.96608,10196183341.96608,10196183341.96608,10196183341.96608,10196183341.96608,10196183341.96608,10196183341.96608,10196183341.96608,10196183341.96608,10196183341.96608,10196183341.96608,10196183341.96608,10196183341.96608,10196183341.96608,10196183341.96608,10196183341.96608,10196183341.96608,10196183341.96608,10196183341.96608,10196183341.96608,10196183341.96608,10196183341.96608,10196183341.96608,10196183341.96608,10196183341.96608
other metals 242,0.0,0.0,0.0,0.0,0.0,352890435199.6643,355413655229.7597,326192998788.9095,326192998788.9095,326192998788.9095,326192998788.9095,326192998788.9095,326192998788.9095,326192998788.9095,326192998788.9095,326192998788.9095,326192998788.9095,326192998788.9095,326192998788.9095,326192998788.9095,326192998788.9095,326192998788.9095,326192998788.9095,326192998788.9095,326192998788.9095,326192998788.9095,326192998788.9095,326192998788.9095,326192998788.9095,326192998788.9095,326192998788.9095,326192998788.9095,326192998788.9095,326192998788.9095,326192998788.9095,326192998788.9095
metal products except machinery and vehicles 25,0.0,0.0,0.0,0.0,0.0,0.0,0.0,0.0,0.0,0.0,0.0,0.0,0.0,0.0,0.0,0.0,0.0,0.0,0.0,0.0,0.0,0.0,0.0,0.0,0.0,0.0,0.0,0.0,0.0,0.0,0.0,0.0,0.0,0.0,0.0,0.0
computers and electronics 26,0.0,0.0,0.0,0.0,0.0,0.0,0.0,0.0,0.0,0.0,0.0,0.0,0.0,0.0,0.0,0.0,0.0,0.0,0.0,0.0,0.0,0.0,0.0,0.0,0.0,0.0,0.0,0.0,0.0,0.0,0.0,0.0,0.0,0.0,0.0,0.0
appliances and electrical equipment 27,0.0,0.0,0.0,0.0,0.0,0.0,0.0,0.0,0.0,0.0,0.0,0.0,0.0,0.0,0.0,0.0,0.0,0.0,0.0,0.0,0.0,0.0,0.0,0.0,0.0,0.0,0.0,0.0,0.0,0.0,0.0,0.0,0.0,0.0,0.0,0.0
other machinery 28,0.0,0.0,0.0,0.0,0.0,0.0,0.0,0.0,0.0,0.0,0.0,0.0,0.0,0.0,0.0,0.0,0.0,0.0,0.0,0.0,0.0,0.0,0.0,0.0,0.0,0.0,0.0,0.0,0.0,0.0,0.0,0.0,0.0,0.0,0.0,0.0
road vehicles 29,0.0,0.0,0.0,0.0,0.0,0.0,0.0,0.0,0.0,0.0,0.0,0.0,0.0,0.0,0.0,0.0,0.0,0.0,0.0,0.0,0.0,0.0,0.0,0.0,0.0,0.0,0.0,0.0,0.0,0.0,0.0,0.0,0.0,0.0,0.0,0.0
nonroad vehicles 30,0.0,0.0,0.0,0.0,0.0,0.0,0.0,0.0,0.0,0.0,0.0,0.0,0.0,0.0,0.0,0.0,0.0,0.0,0.0,0.0,0.0,0.0,0.0,0.0,0.0,0.0,0.0,0.0,0.0,0.0,0.0,0.0,0.0,0.0,0.0,0.0
other manufacturing 31T33,0.0,0.0,0.0,0.0,0.0,0.0,0.0,0.0,0.0,0.0,0.0,0.0,0.0,0.0,0.0,0.0,0.0,0.0,0.0,0.0,0.0,0.0,0.0,0.0,0.0,0.0,0.0,0.0,0.0,0.0,0.0,0.0,0.0,0.0,0.0,0.0
energy pipelines and gas processing 352T353,0.0,0.0,0.0,0.0,0.0,32086148221.017075,14353789855.027348,17677933863.610397,17677933863.610397,17677933863.610397,17677933863.610397,17677933863.610397,17677933863.610397,17677933863.610397,17677933863.610397,17677933863.610397,17677933863.610397,17677933863.610397,17677933863.610397,17677933863.610397,17677933863.610397,17677933863.610397,17677933863.610397,17677933863.610397,17677933863.610397,17677933863.610397,17677933863.610397,17677933863.610397,17677933863.610397,17677933863.610397,17677933863.610397,17677933863.610397,17677933863.610397,17677933863.610397,17677933863.610397,17677933863.610397
water and waste 36T39,0.0,0.0,0.0,0.0,0.0,0.0,0.0,0.0,0.0,0.0,0.0,0.0,0.0,0.0,0.0,0.0,0.0,0.0,0.0,0.0,0.0,0.0,0.0,0.0,0.0,0.0,0.0,0.0,0.0,0.0,0.0,0.0,0.0,0.0,0.0,0.0
construction 41T43,0.0,0.0,0.0,0.0,0.0,0.0,0.0,0.0,0.0,0.0,0.0,0.0,0.0,0.0,0.0,0.0,0.0,0.0,0.0,0.0,0.0,0.0,0.0,0.0,0.0,0.0,0.0,0.0,0.0,0.0,0.0,0.0,0.0,0.0,0.0,0.0
