Pollutant:,BC,Unit: grams,,,,,,,,,,,,,,,,,,,,,,,,,,,,,,,,,,
,2015.0,2016.0,2017.0,2018.0,2019.0,2020.0,2021.0,2022.0,2023.0,2024.0,2025.0,2026.0,2027.0,2028.0,2029.0,2030.0,2031.0,2032.0,2033.0,2034.0,2035.0,2036.0,2037.0,2038.0,2039.0,2040.0,2041.0,2042.0,2043.0,2044.0,2045.0,2046.0,2047.0,2048.0,2049.0,2050.0
agriculture and forestry 01T03,0.0,0.0,0.0,0.0,0.0,7906.015037593986,7960.401002506265,8014.870509607352,8475.590551181102,8654.296491875915,8745.619960383869,8817.048236826473,8886.494036654492,8949.016124380732,9018.858531981172,9085.812723660287,9069.427980660425,9074.920766434565,9036.468395168105,9019.897354571447,9000.752172202108,8993.324157039326,8982.997028159501,8983.40669120256,8983.287960422527,8983.041692294799,8979.536701818997,8992.519851613815,9001.717629181447,9014.973133668467,9039.077969896975,9116.060162964559,9194.083714071407,9274.07166381812,9343.963326545174,9415.615258075717
coal mining 05,0.0,0.0,0.0,0.0,0.0,0.0,0.0,0.0,0.0,0.0,0.0,0.0,0.0,0.0,0.0,0.0,0.0,0.0,0.0,0.0,0.0,0.0,0.0,0.0,0.0,0.0,0.0,0.0,0.0,0.0,0.0,0.0,0.0,0.0,0.0,0.0
oil and gas extraction 06,0.0,0.0,0.0,0.0,0.0,7927.971580817051,8071.3916518650085,7647.446465481604,7672.490953947369,8302.235685763319,8445.727228919992,8152.320000514508,8314.166492654664,8575.222047167204,8760.230241304042,8998.665648261167,9168.807296067116,9308.637580945113,9374.667043122952,9400.299696381178,9467.000730168427,9454.898671614343,9476.853130209938,9512.69345911241,9521.11730186293,9678.513326238812,9714.117687851243,9799.969709895338,9823.232985893424,9866.10545686683,9938.297088051133,10018.0330462698,10054.551396201887,10013.901235273375,10059.604854432111,10150.26856210906
other mining and quarrying 07T08,0.0,0.0,0.0,0.0,0.0,0.0,0.0,0.0,0.0,0.0,0.0,0.0,0.0,0.0,0.0,0.0,0.0,0.0,0.0,0.0,0.0,0.0,0.0,0.0,0.0,0.0,0.0,0.0,0.0,0.0,0.0,0.0,0.0,0.0,0.0,0.0
food beverage and tobacco 10T12,0.0,0.0,0.0,0.0,0.0,0.0,0.0,0.0,0.0,0.0,0.0,0.0,0.0,0.0,0.0,0.0,0.0,0.0,0.0,0.0,0.0,0.0,0.0,0.0,0.0,0.0,0.0,0.0,0.0,0.0,0.0,0.0,0.0,0.0,0.0,0.0
textiles apparel and leather 13T15,0.0,0.0,0.0,0.0,0.0,0.0,0.0,0.0,0.0,0.0,0.0,0.0,0.0,0.0,0.0,0.0,0.0,0.0,0.0,0.0,0.0,0.0,0.0,0.0,0.0,0.0,0.0,0.0,0.0,0.0,0.0,0.0,0.0,0.0,0.0,0.0
wood products 16,0.0,0.0,0.0,0.0,0.0,0.0,0.0,0.0,0.0,0.0,0.0,0.0,0.0,0.0,0.0,0.0,0.0,0.0,0.0,0.0,0.0,0.0,0.0,0.0,0.0,0.0,0.0,0.0,0.0,0.0,0.0,0.0,0.0,0.0,0.0,0.0
pulp paper and printing 17T18,0.0,0.0,0.0,0.0,0.0,8812779.073877696,8939618.239660658,9471341.975142365,9814682.236679541,9716031.07445507,9707686.772997068,9745151.10573877,9737399.963104734,9778207.13954588,9844882.685364226,9895423.997330181,9994221.656554291,10089759.73685794,10147180.633967768,10220514.404057497,10291353.521507733,10311712.027184593,10350994.937793842,10450576.624619028,10456220.549690288,10551609.232548764,10685098.287886381,10786961.894630289,10863447.003846733,10904787.283953035,10939370.140554892,10977452.84019261,10975375.079006517,10991384.209915277,11021703.254153382,11057983.14389697
refined petroleum and coke 19,0.0,0.0,0.0,0.0,0.0,456199.82134881645,457508.1397945511,458918.9412553049,424503.7960210382,555434.1662649015,583711.7059467348,616754.6835613727,642223.0935420449,638015.793993154,624605.0736154508,621066.0472162256,612296.4797145124,627925.0199713925,631474.6127522354,630413.6540580068,641562.6981873288,642643.3515827416,650061.5229785321,642918.4887197034,643412.857361768,644536.2063548727,638089.749655197,643917.2052529195,641247.2901325466,645479.9314568139,647512.8698183461,695073.4056810989,694738.4826392573,665135.4996815501,647036.510486186,653607.2469571255
chemicals 20,0.0,0.0,0.0,0.0,0.0,4123814.1879726322,3132424.7566518625,2942801.327274767,3202345.5342184287,3548931.0803754423,3185503.9921638933,2935582.1385303005,3048822.930623297,3175480.238031728,3301609.018602595,3415567.235901061,3497713.397273924,3576888.7759704776,3689372.9211581512,3780916.834507584,3860568.9537784695,3968440.981667245,4071118.483549495,4154201.1651517833,4213794.608372852,4283255.866486546,4356618.773716433,4498392.784645002,4641697.200440669,4751793.89558525,4875946.372046055,4933113.812382687,4957488.45621171,4979456.550038391,5057879.9999768175,5158900.583898831
rubber and plastic products 22,0.0,0.0,0.0,0.0,0.0,0.0,0.0,0.0,0.0,0.0,0.0,0.0,0.0,0.0,0.0,0.0,0.0,0.0,0.0,0.0,0.0,0.0,0.0,0.0,0.0,0.0,0.0,0.0,0.0,0.0,0.0,0.0,0.0,0.0,0.0,0.0
glass and glass products 231,0.0,0.0,0.0,0.0,0.0,0.0,0.0,0.0,0.0,0.0,0.0,0.0,0.0,0.0,0.0,0.0,0.0,0.0,0.0,0.0,0.0,0.0,0.0,0.0,0.0,0.0,0.0,0.0,0.0,0.0,0.0,0.0,0.0,0.0,0.0,0.0
cement and other nonmetallic minerals 239,0.0,0.0,0.0,0.0,0.0,5320395.523198957,5567632.293817233,5308752.976190476,5534147.087857848,6296390.413837306,5730254.047976301,5305045.479391734,5041591.209913007,4826584.506998052,4761850.396497253,4688241.783281438,4622797.941204835,4563769.829578354,3786280.166918299,3641563.174838859,3480610.9546349943,3327131.699305913,3231625.4793184255,3150700.6471924167,3020049.4286890435,2935773.428708135,2844377.349491691,2765391.045462653,2706258.8545204303,2662549.002069867,2593711.972403592,2549690.056454568,2510012.9650922082,2467959.7532573696,2438072.4836940393,2415942.4363510283
iron and steel 241,0.0,0.0,0.0,0.0,0.0,5756735.525167297,5823206.866453302,6868959.619952494,6686252.948885977,6481812.769986492,6048842.292129367,5441848.3263790505,5215198.445670191,5287660.940085974,5304796.653409637,5243567.247527153,5130504.223029235,4939855.857702986,4939921.479733655,5023946.72194989,5046978.596157409,5100029.1488280175,5156325.055585598,5204569.321143915,5267039.559130892,5311884.289264755,5327362.444733969,5380309.030102942,5479325.15191463,5536704.3620103365,5554093.248833383,5537747.662338818,5472706.637312446,5397837.480570712,5400846.591896767,5451427.449862828
other metals 242,0.0,0.0,0.0,0.0,0.0,447441.5204678363,461091.1749069644,467532.722513089,507843.8195991092,524820.0069846984,518992.8381802982,516686.377979115,527965.3800204211,547141.4225138332,562877.6896430152,576168.9054085077,583779.5079900764,584983.0004633067,584664.1084100629,586110.4740665022,589695.208814989,595247.0676020277,601259.1145083848,605946.381011132,609411.6137691397,615464.5561003424,620066.9145909412,623671.449389545,629578.4371956075,635786.3902549706,638904.0481433343,639915.3115021129,640729.8393333672,642268.1818400989,643894.5128978132,643740.054829794
metal products except machinery and vehicles 25,0.0,0.0,0.0,0.0,0.0,0.0,0.0,0.0,0.0,0.0,0.0,0.0,0.0,0.0,0.0,0.0,0.0,0.0,0.0,0.0,0.0,0.0,0.0,0.0,0.0,0.0,0.0,0.0,0.0,0.0,0.0,0.0,0.0,0.0,0.0,0.0
computers and electronics 26,0.0,0.0,0.0,0.0,0.0,0.0,0.0,0.0,0.0,0.0,0.0,0.0,0.0,0.0,0.0,0.0,0.0,0.0,0.0,0.0,0.0,0.0,0.0,0.0,0.0,0.0,0.0,0.0,0.0,0.0,0.0,0.0,0.0,0.0,0.0,0.0
appliances and electrical equipment 27,0.0,0.0,0.0,0.0,0.0,0.0,0.0,0.0,0.0,0.0,0.0,0.0,0.0,0.0,0.0,0.0,0.0,0.0,0.0,0.0,0.0,0.0,0.0,0.0,0.0,0.0,0.0,0.0,0.0,0.0,0.0,0.0,0.0,0.0,0.0,0.0
other machinery 28,0.0,0.0,0.0,0.0,0.0,0.0,0.0,0.0,0.0,0.0,0.0,0.0,0.0,0.0,0.0,0.0,0.0,0.0,0.0,0.0,0.0,0.0,0.0,0.0,0.0,0.0,0.0,0.0,0.0,0.0,0.0,0.0,0.0,0.0,0.0,0.0
road vehicles 29,0.0,0.0,0.0,0.0,0.0,0.0,0.0,0.0,0.0,0.0,0.0,0.0,0.0,0.0,0.0,0.0,0.0,0.0,0.0,0.0,0.0,0.0,0.0,0.0,0.0,0.0,0.0,0.0,0.0,0.0,0.0,0.0,0.0,0.0,0.0,0.0
nonroad vehicles 30,0.0,0.0,0.0,0.0,0.0,0.0,0.0,0.0,0.0,0.0,0.0,0.0,0.0,0.0,0.0,0.0,0.0,0.0,0.0,0.0,0.0,0.0,0.0,0.0,0.0,0.0,0.0,0.0,0.0,0.0,0.0,0.0,0.0,0.0,0.0,0.0
other manufacturing 31T33,0.0,0.0,0.0,0.0,0.0,3686955.135475741,3717808.16005041,4042490.66090128,4395237.212056852,4323490.345999892,4206568.185699315,4146948.216853468,4138496.0584007804,4153329.5849151006,4215707.793765768,4291822.067446299,4365802.935570347,4491209.614646337,4598624.806633357,4709909.7417190755,4804613.398586507,4861442.938075743,4934711.995505966,5041932.301362787,5107379.092756738,5206134.578489542,5302658.00580346,5383961.308080415,5448459.972488498,5511908.810904657,5585723.63274746,5712712.155943767,5792335.698976224,5860790.750288233,5936928.8753517475,6014523.352270681
energy pipelines and gas processing 352T353,0.0,0.0,0.0,0.0,0.0,674739.7521448999,672161.2964728313,775524.3458098709,848017.5824175825,973872.715542177,991914.837344071,997563.8150802732,1062919.9494955258,1145008.6847992772,1157876.2124824624,1176432.3421968154,1162785.6703966379,1138631.1582310675,1097783.3703118006,1070441.3318180558,1059272.1734171887,1058179.5240346899,1059094.8029870985,1046043.8453905027,1050794.415742062,1045731.8189334463,1034992.1787090384,1034022.3608921454,1039888.2594776304,1044918.4575947257,1050616.852478396,1054152.722038854,1047151.7824543744,1042805.9432458596,1047954.4640517099,1059659.0810962792
water and waste 36T39,0.0,0.0,0.0,0.0,0.0,0.0,0.0,0.0,0.0,0.0,0.0,0.0,0.0,0.0,0.0,0.0,0.0,0.0,0.0,0.0,0.0,0.0,0.0,0.0,0.0,0.0,0.0,0.0,0.0,0.0,0.0,0.0,0.0,0.0,0.0,0.0
construction 41T43,0.0,0.0,0.0,0.0,0.0,0.0,0.0,0.0,0.0,0.0,0.0,0.0,0.0,0.0,0.0,0.0,0.0,0.0,0.0,0.0,0.0,0.0,0.0,0.0,0.0,0.0,0.0,0.0,0.0,0.0,0.0,0.0,0.0,0.0,0.0,0.0
