Pollutant:,OC,Unit: grams,,,,,,,,,,,,,,,,,,,,,,,,,,,,,,,,,,
,2015.0,2016.0,2017.0,2018.0,2019.0,2020.0,2021.0,2022.0,2023.0,2024.0,2025.0,2026.0,2027.0,2028.0,2029.0,2030.0,2031.0,2032.0,2033.0,2034.0,2035.0,2036.0,2037.0,2038.0,2039.0,2040.0,2041.0,2042.0,2043.0,2044.0,2045.0,2046.0,2047.0,2048.0,2049.0,2050.0
agriculture and forestry 01T03,0.0,0.0,0.0,0.0,0.0,94872.18045112783,95524.81203007518,96178.44611528821,101707.08661417323,103851.55790251102,104947.43952460642,105804.57884191776,106637.928439854,107388.19349256872,108226.3023837741,109029.75268392345,108833.13576792511,108899.04919721476,108437.62074201726,108238.76825485732,108009.02606642537,107919.88988447188,107795.96433791396,107800.88029443072,107799.45552507036,107796.50030753757,107754.440421828,107910.23821936575,108020.61155017735,108179.67760402166,108468.93563876368,109392.72195557469,110329.00456885685,111288.85996581742,112127.55991854204,112987.38309690855
coal mining 05,0.0,0.0,0.0,0.0,0.0,0.0,0.0,0.0,0.0,0.0,0.0,0.0,0.0,0.0,0.0,0.0,0.0,0.0,0.0,0.0,0.0,0.0,0.0,0.0,0.0,0.0,0.0,0.0,0.0,0.0,0.0,0.0,0.0,0.0,0.0,0.0
oil and gas extraction 06,0.0,0.0,0.0,0.0,0.0,60540.873889875664,61636.08170515097,58398.68210004134,58589.93092105263,63398.89069128352,64494.64429357084,62254.08000392896,63489.99867118107,65483.51381473138,66896.30366086723,68717.0831321762,70016.34662451252,71084.14152721723,71588.36651112072,71784.10677236537,72293.46012128617,72201.04440141862,72368.69663069407,72642.38641504022,72706.71394149873,73908.64721855093,74180.53507086405,74836.13233010985,75013.77916500434,75341.1689433467,75892.45049057227,76501.34326242394,76780.21066190531,76469.79125117851,76818.80070657248,77511.14174701466
other mining and quarrying 07T08,0.0,0.0,0.0,0.0,0.0,0.0,0.0,0.0,0.0,0.0,0.0,0.0,0.0,0.0,0.0,0.0,0.0,0.0,0.0,0.0,0.0,0.0,0.0,0.0,0.0,0.0,0.0,0.0,0.0,0.0,0.0,0.0,0.0,0.0,0.0,0.0
food beverage and tobacco 10T12,0.0,0.0,0.0,0.0,0.0,0.0,0.0,0.0,0.0,0.0,0.0,0.0,0.0,0.0,0.0,0.0,0.0,0.0,0.0,0.0,0.0,0.0,0.0,0.0,0.0,0.0,0.0,0.0,0.0,0.0,0.0,0.0,0.0,0.0,0.0,0.0
textiles apparel and leather 13T15,0.0,0.0,0.0,0.0,0.0,0.0,0.0,0.0,0.0,0.0,0.0,0.0,0.0,0.0,0.0,0.0,0.0,0.0,0.0,0.0,0.0,0.0,0.0,0.0,0.0,0.0,0.0,0.0,0.0,0.0,0.0,0.0,0.0,0.0,0.0,0.0
wood products 16,0.0,0.0,0.0,0.0,0.0,0.0,0.0,0.0,0.0,0.0,0.0,0.0,0.0,0.0,0.0,0.0,0.0,0.0,0.0,0.0,0.0,0.0,0.0,0.0,0.0,0.0,0.0,0.0,0.0,0.0,0.0,0.0,0.0,0.0,0.0,0.0
pulp paper and printing 17T18,0.0,0.0,0.0,0.0,0.0,66338396.60657477,67293181.3361612,71295743.95049825,73880245.643996,73137646.75770997,73074834.83710179,73356848.46108863,73298501.55713241,73605678.51373756,74107580.21414079,74488031.09916894,75231732.74497977,75950897.83570586,76383134.95569316,76935156.5920108,77468399.67336784,77621648.79178861,77917351.80238391,78666955.23394415,78709440.00936587,79427480.50739688,80432322.43312638,81199103.0692124,81774846.48308481,82086036.38975658,82346359.63601184,82633028.03099118,82617387.63600776,82737896.73610537,82966124.0369986,83239221.73915103
refined petroleum and coke 19,0.0,0.0,0.0,0.0,0.0,1103993.2112550247,1107159.3121929432,1110573.4197006924,1027289.5495083467,1344138.0731858916,1412569.07727405,1492532.3329771247,1554165.3069598642,1543983.7375634548,1511530.0986925547,1502965.7351475512,1481743.580875528,1519564.2935062528,1528154.2274548989,1525586.7315001935,1552567.1651933996,1555182.3218778719,1573134.1282522478,1555848.1475033006,1557044.5083942,1559762.9874558335,1544162.7085866977,1558265.018841344,1551803.884861055,1562046.780778577,1566966.445462786,1682061.8625563034,1681251.3563982933,1609612.8096720376,1565813.6666930178,1581714.6997872773
chemicals 20,0.0,0.0,0.0,0.0,0.0,22355413.755851638,15614211.575361101,14615597.871648157,15910361.876876878,17775517.950448822,15819485.439413702,14485409.457611857,15110950.508055499,15803931.408678576,16487083.049289435,17095260.274535097,17533671.883365877,17950789.389372725,18564251.27314458,19067144.34420449,19499821.260533992,20089897.686445907,20649333.117556803,21098614.697851013,21428739.97496609,21804108.84998833,22195886.492744375,22953624.461028084,23730432.14033554,24327223.803654358,25004243.609111045,25309116.254041575,25450269.21269723,25572523.765132375,25992306.231733907,26535360.629399247
rubber and plastic products 22,0.0,0.0,0.0,0.0,0.0,0.0,0.0,0.0,0.0,0.0,0.0,0.0,0.0,0.0,0.0,0.0,0.0,0.0,0.0,0.0,0.0,0.0,0.0,0.0,0.0,0.0,0.0,0.0,0.0,0.0,0.0,0.0,0.0,0.0,0.0,0.0
glass and glass products 231,0.0,0.0,0.0,0.0,0.0,0.0,0.0,0.0,0.0,0.0,0.0,0.0,0.0,0.0,0.0,0.0,0.0,0.0,0.0,0.0,0.0,0.0,0.0,0.0,0.0,0.0,0.0,0.0,0.0,0.0,0.0,0.0,0.0,0.0,0.0,0.0
cement and other nonmetallic minerals 239,0.0,0.0,0.0,0.0,0.0,23822666.521786373,24929696.837987613,23770535.714285713,24779763.079960514,28192792.897778988,25657853.94616254,23753934.982351054,22574288.999610476,21611572.419394262,21321718.19327127,20992127.387827337,20699095.259126134,20434790.281694118,16953493.284708805,16305506.75300982,15584825.170007447,14897604.62375781,14469964.832769077,14107614.838175002,13522609.382189747,13145254.158394638,12736017.982798615,12382347.96475815,12117576.960539248,11921861.203297919,11613635.697329514,11416522.640841357,11238864.02280093,11050566.059361361,10916742.464301664,10817652.70007923
iron and steel 241,0.0,0.0,0.0,0.0,0.0,34312423.62525458,34708619.14460285,40941719.714964375,39852715.59633028,38634171.163681865,36053495.64219681,32435571.212675124,31084648.161321342,31516553.326056987,31618688.963887144,31253737.45555789,30579837.052114844,29443497.290467303,29443888.423759017,29944712.14469144,30081991.236502588,30398193.54053926,30733739.440223064,31021294.369590458,31393641.728681155,31660934.080568142,31753190.01712723,32068772.634871,32658947.93517432,33000950.75178438,33104595.40393759,33007169.23493038,32619498.966951407,32173249.14161949,32191184.63685004,32492666.58235071
other metals 242,0.0,0.0,0.0,0.0,0.0,2555785.964912281,2633752.7910685805,2670546.9109947644,2900803.8975501116,2997771.8798965965,2964487.091685863,2951312.5910167047,3015738.2506766454,3125271.8053990146,3215157.3632409046,3291076.787693397,3334548.549639316,3341422.8986464087,3339601.3872382795,3347863.0278678597,3368339.0327512175,3400051.250142783,3434392.0620718934,3461165.7283355864,3480959.137849327,3515533.544445156,3541822.2161434577,3562411.318913081,3596152.0332613103,3631611.8611363913,3649419.922994725,3655196.259300068,3659848.8422721927,3668635.8546706447,3677925.4576723096,3677043.193187783
metal products except machinery and vehicles 25,0.0,0.0,0.0,0.0,0.0,0.0,0.0,0.0,0.0,0.0,0.0,0.0,0.0,0.0,0.0,0.0,0.0,0.0,0.0,0.0,0.0,0.0,0.0,0.0,0.0,0.0,0.0,0.0,0.0,0.0,0.0,0.0,0.0,0.0,0.0,0.0
computers and electronics 26,0.0,0.0,0.0,0.0,0.0,0.0,0.0,0.0,0.0,0.0,0.0,0.0,0.0,0.0,0.0,0.0,0.0,0.0,0.0,0.0,0.0,0.0,0.0,0.0,0.0,0.0,0.0,0.0,0.0,0.0,0.0,0.0,0.0,0.0,0.0,0.0
appliances and electrical equipment 27,0.0,0.0,0.0,0.0,0.0,0.0,0.0,0.0,0.0,0.0,0.0,0.0,0.0,0.0,0.0,0.0,0.0,0.0,0.0,0.0,0.0,0.0,0.0,0.0,0.0,0.0,0.0,0.0,0.0,0.0,0.0,0.0,0.0,0.0,0.0,0.0
other machinery 28,0.0,0.0,0.0,0.0,0.0,0.0,0.0,0.0,0.0,0.0,0.0,0.0,0.0,0.0,0.0,0.0,0.0,0.0,0.0,0.0,0.0,0.0,0.0,0.0,0.0,0.0,0.0,0.0,0.0,0.0,0.0,0.0,0.0,0.0,0.0,0.0
road vehicles 29,0.0,0.0,0.0,0.0,0.0,0.0,0.0,0.0,0.0,0.0,0.0,0.0,0.0,0.0,0.0,0.0,0.0,0.0,0.0,0.0,0.0,0.0,0.0,0.0,0.0,0.0,0.0,0.0,0.0,0.0,0.0,0.0,0.0,0.0,0.0,0.0
nonroad vehicles 30,0.0,0.0,0.0,0.0,0.0,0.0,0.0,0.0,0.0,0.0,0.0,0.0,0.0,0.0,0.0,0.0,0.0,0.0,0.0,0.0,0.0,0.0,0.0,0.0,0.0,0.0,0.0,0.0,0.0,0.0,0.0,0.0,0.0,0.0,0.0,0.0
other manufacturing 31T33,0.0,0.0,0.0,0.0,0.0,24855109.514807813,25063101.008191556,27251904.185789414,29629897.36384071,29146225.567557815,28358010.63350119,27956090.675030716,27899111.591679063,27999109.804962635,28419624.065470655,28932738.14970959,29431470.168857556,30276882.339005884,31001007.331659757,31751219.67416685,32389651.571600016,32772760.22787034,33266693.671473246,33989504.86563186,34430705.5604376,35096452.31429935,35747151.94813756,36295247.167025685,36730056.191957,37157787.95691581,37655400.59751068,38511476.555907376,39048247.90497702,39509728.377259,40023003.25237125,40546095.92659643
energy pipelines and gas processing 352T353,0.0,0.0,0.0,0.0,0.0,5319687.321258341,5299358.627264061,6114278.900298112,6685819.78021978,7678068.94572383,7820314.079930064,7864850.947879253,8380122.500370521,9027314.848272564,9128763.182470426,9275060.784856053,9167469.633272046,8977034.059097111,8654987.731153902,8439421.51462351,8351363.2223036345,8342748.711230026,8349964.823550453,8247070.317281647,8284524.089328724,8244610.2826057235,8159938.336488651,8152292.236598939,8198539.321098998,8238197.6946598645,8283124.1702644555,8311001.1708570495,8255805.35732144,8221542.509068809,8262133.745567107,8354413.6248750165
water and waste 36T39,0.0,0.0,0.0,0.0,0.0,0.0,0.0,0.0,0.0,0.0,0.0,0.0,0.0,0.0,0.0,0.0,0.0,0.0,0.0,0.0,0.0,0.0,0.0,0.0,0.0,0.0,0.0,0.0,0.0,0.0,0.0,0.0,0.0,0.0,0.0,0.0
construction 41T43,0.0,0.0,0.0,0.0,0.0,0.0,0.0,0.0,0.0,0.0,0.0,0.0,0.0,0.0,0.0,0.0,0.0,0.0,0.0,0.0,0.0,0.0,0.0,0.0,0.0,0.0,0.0,0.0,0.0,0.0,0.0,0.0,0.0,0.0,0.0,0.0
