Pollutant:,VOC,Unit: grams of VOC,,,,,,,,,,,,,,,,,,,,,,,,,,,,,,,,,,
,2015.0,2016.0,2017.0,2018.0,2019.0,2020.0,2021.0,2022.0,2023.0,2024.0,2025.0,2026.0,2027.0,2028.0,2029.0,2030.0,2031.0,2032.0,2033.0,2034.0,2035.0,2036.0,2037.0,2038.0,2039.0,2040.0,2041.0,2042.0,2043.0,2044.0,2045.0,2046.0,2047.0,2048.0,2049.0,2050.0
agriculture and forestry 01T03,0.0,0.0,0.0,0.0,0.0,1705857146.6165416,1717591843.1077693,1729344565.2464495,1828752746.456693,1867311591.162591,1887016181.9921455,1902428046.915338,1917412158.8068304,1930902362.1092565,1945972048.869982,1960418553.9460099,1956883267.1031575,1958068429.0112872,1949771676.2202368,1946196192.5038173,1942065293.9395328,1940462573.391904,1938234319.7748907,1938322711.5407028,1938297093.3564878,1938243956.8213713,1937487695.5413802,1940289030.8231573,1942273607.695593,1945133708.1322443,1950334736.3307598,1966944953.1823738,1983779860.7340455,2001038620.687043,2016118935.0786722,2031579057.389223
coal mining 05,0.0,0.0,0.0,0.0,0.0,0.0,0.0,0.0,0.0,0.0,0.0,0.0,0.0,0.0,0.0,0.0,0.0,0.0,0.0,0.0,0.0,0.0,0.0,0.0,0.0,0.0,0.0,0.0,0.0,0.0,0.0,0.0,0.0,0.0,0.0,0.0
oil and gas extraction 06,0.0,0.0,0.0,0.0,0.0,36942892.518650085,37611203.72735346,35635696.96692848,35752399.686677635,38686894.557718165,39355538.81333064,37988314.979001276,38742489.92812972,39958960.899732195,40821065.12921813,41932130.36476606,42724959.21685855,43376542.680855736,43684227.855989635,43803671.315723754,44114485.89130163,44058092.51957213,44160396.26725012,44327405.62203652,44366659.18319704,45100095.76935363,45266005.55987633,45666060.22588422,45774462.822446056,45974240.6686497,46310640.42038959,46682195.35147328,46852364.15981812,46662941.870555446,46875912.34769237,47298388.58564409
other mining and quarrying 07T08,0.0,0.0,0.0,0.0,0.0,0.0,0.0,0.0,0.0,0.0,0.0,0.0,0.0,0.0,0.0,0.0,0.0,0.0,0.0,0.0,0.0,0.0,0.0,0.0,0.0,0.0,0.0,0.0,0.0,0.0,0.0,0.0,0.0,0.0,0.0,0.0
food beverage and tobacco 10T12,0.0,0.0,0.0,0.0,0.0,0.0,0.0,0.0,0.0,0.0,0.0,0.0,0.0,0.0,0.0,0.0,0.0,0.0,0.0,0.0,0.0,0.0,0.0,0.0,0.0,0.0,0.0,0.0,0.0,0.0,0.0,0.0,0.0,0.0,0.0,0.0
textiles apparel and leather 13T15,0.0,0.0,0.0,0.0,0.0,0.0,0.0,0.0,0.0,0.0,0.0,0.0,0.0,0.0,0.0,0.0,0.0,0.0,0.0,0.0,0.0,0.0,0.0,0.0,0.0,0.0,0.0,0.0,0.0,0.0,0.0,0.0,0.0,0.0,0.0,0.0
wood products 16,0.0,0.0,0.0,0.0,0.0,0.0,0.0,0.0,0.0,0.0,0.0,0.0,0.0,0.0,0.0,0.0,0.0,0.0,0.0,0.0,0.0,0.0,0.0,0.0,0.0,0.0,0.0,0.0,0.0,0.0,0.0,0.0,0.0,0.0,0.0,0.0
pulp paper and printing 17T18,0.0,0.0,0.0,0.0,0.0,1280662544.3619654,1299094660.6574762,1376364119.731755,1426257917.0499516,1411922047.8128414,1410709463.8768835,1416153736.0286763,1415027349.2255802,1420957399.4368973,1430646610.2339268,1437991213.4101908,1452348371.4165676,1466231851.3017945,1474576187.5861552,1485232963.5932999,1495527219.6541483,1498485693.4183228,1504194239.1368804,1518665331.0991673,1519485499.5592363,1533347269.1859107,1552745739.5004427,1567548437.3437624,1578663162.1943233,1584670682.3944507,1589696221.8702233,1595230354.3618436,1594928416.5843437,1597254844.3945458,1601660771.7428992,1606932922.0508437
refined petroleum and coke 19,0.0,0.0,0.0,0.0,0.0,86610131.5765967,86858517.54131308,87126360.0402055,80592599.79419163,105449901.49296387,110818429.31321782,117091681.74550702,121926892.62514068,121128131.3138489,118582088.54466134,117910199.76315397,116245285.92573167,119212384.69397861,119886279.51682878,119684855.1238231,121801515.70501068,122006679.16274439,123415028.68543278,122058914.30734265,122152770.8393553,122366040.11204275,121142171.89282481,122248521.94483314,121741635.07409717,122545207.55452348,122931163.55612576,131960593.37209417,131897007.7954138,126276842.83908784,122840726.11510666,124088189.01112582
chemicals 20,0.0,0.0,0.0,0.0,0.0,4195360813.827872,4216432799.1722927,4001413322.79715,4350012492.521178,4712933498.418278,4332560516.321927,4062660978.67452,4169085163.7599173,4293145054.569718,4421913450.305309,4545077880.926868,4633852484.788549,4723514003.64418,4835177923.744537,4923316544.402956,5003688740.096958,5109442347.760726,5211780446.050897,5297143788.871279,5352448118.049792,5424006632.90477,5503106951.4145155,5655496459.527107,5801327155.263544,5913370383.905284,6036676606.105142,6098628900.431218,6116633932.059295,6136599382.069358,6220417627.09652,6326643735.487281
rubber and plastic products 22,0.0,0.0,0.0,0.0,0.0,0.0,0.0,0.0,0.0,0.0,0.0,0.0,0.0,0.0,0.0,0.0,0.0,0.0,0.0,0.0,0.0,0.0,0.0,0.0,0.0,0.0,0.0,0.0,0.0,0.0,0.0,0.0,0.0,0.0,0.0,0.0
glass and glass products 231,0.0,0.0,0.0,0.0,0.0,0.0,0.0,0.0,0.0,0.0,0.0,0.0,0.0,0.0,0.0,0.0,0.0,0.0,0.0,0.0,0.0,0.0,0.0,0.0,0.0,0.0,0.0,0.0,0.0,0.0,0.0,0.0,0.0,0.0,0.0,0.0
cement and other nonmetallic minerals 239,0.0,0.0,0.0,0.0,0.0,145159448.00608498,151904952.7328045,144841797.6190476,150991356.36722606,171788084.72379997,156341856.71195042,144740643.82579243,137552667.63762653,131686514.60884239,129920336.19099966,127912029.54982792,126126487.1122752,124515988.78312285,103303285.74815899,99354887.81500648,94963534.70257866,90776070.8407643,88170319.04767287,85962399.74727969,82397766.50214288,80098415.33848464,77604802.90851957,75449773.59859298,73836435.61288577,72643874.26542863,70765753.51572786,69564677.9581933,68482144.77893367,67334782.52170853,66519350.74914482,65915563.78581612
iron and steel 241,0.0,0.0,0.0,0.0,0.0,175646930.46261275,177675074.19260982,209582612.82660332,204007948.88597643,197770161.9093238,184559561.02553132,166039233.58869413,159123794.15914494,161334737.2643394,161857574.4579937,159989370.30821303,156539642.05249268,150722664.70120168,150724666.93114734,153288407.40734902,153991145.61542988,155609800.26704618,157327475.7059038,158799483.0824274,160705546.94443923,162073829.22195598,162546091.7543418,164161574.20231593,167182709.66815424,168933438.37222952,169464000.2820615,168965271.08357224,166980768.52129892,164696394.41543305,164788207.06958944,166331507.5048905
other metals 242,0.0,0.0,0.0,0.0,0.0,35670038.01169591,36758188.4635832,37271708.63874345,40485309.298440985,41838650.956820145,41374109.05973339,41190238.05249503,42089400.09522796,43618114.202802755,44872609.41834119,45932185.13916625,46538902.3769689,46634844.79693483,46609422.7224502,46724726.99258152,47010502.04673094,47453096.22923366,47932376.60860843,48306045.49420744,48582293.849675834,49064834.41231929,49431734.43118986,49719087.945334546,50189993.013233855,50684891.03112625,50933430.71798659,51014048.632948436,51078982.79165604,51201619.45629269,51331270.56821368,51318957.17103117
metal products except machinery and vehicles 25,0.0,0.0,0.0,0.0,0.0,0.0,0.0,0.0,0.0,0.0,0.0,0.0,0.0,0.0,0.0,0.0,0.0,0.0,0.0,0.0,0.0,0.0,0.0,0.0,0.0,0.0,0.0,0.0,0.0,0.0,0.0,0.0,0.0,0.0,0.0,0.0
computers and electronics 26,0.0,0.0,0.0,0.0,0.0,0.0,0.0,0.0,0.0,0.0,0.0,0.0,0.0,0.0,0.0,0.0,0.0,0.0,0.0,0.0,0.0,0.0,0.0,0.0,0.0,0.0,0.0,0.0,0.0,0.0,0.0,0.0,0.0,0.0,0.0,0.0
appliances and electrical equipment 27,0.0,0.0,0.0,0.0,0.0,0.0,0.0,0.0,0.0,0.0,0.0,0.0,0.0,0.0,0.0,0.0,0.0,0.0,0.0,0.0,0.0,0.0,0.0,0.0,0.0,0.0,0.0,0.0,0.0,0.0,0.0,0.0,0.0,0.0,0.0,0.0
other machinery 28,0.0,0.0,0.0,0.0,0.0,0.0,0.0,0.0,0.0,0.0,0.0,0.0,0.0,0.0,0.0,0.0,0.0,0.0,0.0,0.0,0.0,0.0,0.0,0.0,0.0,0.0,0.0,0.0,0.0,0.0,0.0,0.0,0.0,0.0,0.0,0.0
road vehicles 29,0.0,0.0,0.0,0.0,0.0,0.0,0.0,0.0,0.0,0.0,0.0,0.0,0.0,0.0,0.0,0.0,0.0,0.0,0.0,0.0,0.0,0.0,0.0,0.0,0.0,0.0,0.0,0.0,0.0,0.0,0.0,0.0,0.0,0.0,0.0,0.0
nonroad vehicles 30,0.0,0.0,0.0,0.0,0.0,0.0,0.0,0.0,0.0,0.0,0.0,0.0,0.0,0.0,0.0,0.0,0.0,0.0,0.0,0.0,0.0,0.0,0.0,0.0,0.0,0.0,0.0,0.0,0.0,0.0,0.0,0.0,0.0,0.0,0.0,0.0
other manufacturing 31T33,0.0,0.0,0.0,0.0,0.0,598029092.7536232,603033494.9275362,655697434.2167702,712913400.2939694,701275961.9093488,682311029.9050093,672640590.5943127,671269639.100318,673675657.0955848,683793486.6529944,696139324.4411442,708139120.9723382,728480253.3586377,745903142.2877339,763953708.7636046,779314769.5619677,788532597.4697027,800416937.3468832,817808215.4829669,828423773.2651502,844442046.1670828,860098276.1847999,873285781.4057679,883747551.712829,894039038.8289015,906011902.4294585,926609612.0642979,939524658.0715998,950628159.6674341,962977866.1820538,975563794.9306918
energy pipelines and gas processing 352T353,0.0,0.0,0.0,0.0,0.0,925302892.2783604,921766932.6978074,1063513625.7038755,1162927068.1318681,1335518231.3441656,1360260255.8551884,1368006969.1933434,1457632962.045147,1570205170.750174,1587851026.8656235,1613297935.0099893,1594583601.3034937,1561459363.5550478,1505442838.3915,1467947393.3423169,1452630592.2500675,1451132189.8947031,1452387355.6963506,1434489953.367906,1441004637.6921902,1434062056.5643406,1419334274.2896426,1418004316.7347455,1426048504.007997,1432946655.2606628,1440761136.6965692,1445610043.7316303,1436009320.4518876,1430049663.3007681,1437110076.1154342,1453161177.2546847
water and waste 36T39,0.0,0.0,0.0,0.0,0.0,0.0,0.0,0.0,0.0,0.0,0.0,0.0,0.0,0.0,0.0,0.0,0.0,0.0,0.0,0.0,0.0,0.0,0.0,0.0,0.0,0.0,0.0,0.0,0.0,0.0,0.0,0.0,0.0,0.0,0.0,0.0
construction 41T43,0.0,0.0,0.0,0.0,0.0,0.0,0.0,0.0,0.0,0.0,0.0,0.0,0.0,0.0,0.0,0.0,0.0,0.0,0.0,0.0,0.0,0.0,0.0,0.0,0.0,0.0,0.0,0.0,0.0,0.0,0.0,0.0,0.0,0.0,0.0,0.0
