Imported Electricity (MW*hour),2020.0,2021.0,2022.0,2023.0,2024.0,2025.0,2026.0,2027.0,2028.0,2029.0,2030.0,2031.0,2032.0,2033.0,2034.0,2035.0,2036.0,2037.0,2038.0,2039.0,2040.0,2041.0,2042.0,2043.0,2044.0,2045.0,2046.0,2047.0,2048.0,2049.0,2050.0
hard coal,5460990.0,5460990.0,5460990.0,3937350.0,3378590.0,2579240.0,2096790.0,1502450.0,1125210.0,1037170.0,958202.0,958202.0,958202.0,958202.0,958202.0,958202.0,958202.0,958202.0,958202.0,958202.0,958202.0,958202.0,958202.0,958202.0,958202.0,958202.0,958202.0,958202.0,958202.0,958202.0,958202.0
natural gas steam turbine,1981190.0,1981190.0,1981190.0,2512280.0,2598320.0,2034640.0,2033360.0,1673170.0,1008880.0,783751.0,603878.0,603878.0,603878.0,603878.0,603878.0,603878.0,603878.0,603878.0,603878.0,603878.0,603878.0,603878.0,603878.0,603878.0,603878.0,603878.0,603878.0,603878.0,603878.0,603878.0,603878.0
natural gas combined cycle,0.0,0.0,0.0,0.0,0.0,0.0,0.0,0.0,0.0,0.0,0.0,0.0,0.0,0.0,0.0,0.0,0.0,0.0,0.0,0.0,0.0,0.0,0.0,0.0,0.0,0.0,0.0,0.0,0.0,0.0,0.0
nuclear,4384900.0,4384900.0,4384900.0,4577400.0,4648890.0,4050900.0,4126170.0,3970060.0,3892340.0,3810740.0,3694110.0,3694110.0,3694110.0,3694110.0,3694110.0,3694110.0,3694110.0,3694110.0,3694110.0,3694110.0,3694110.0,3694110.0,3694110.0,3694110.0,3694110.0,3694110.0,3694110.0,3694110.0,3694110.0,3694110.0,3694110.0
hydro,342434.0,342434.0,342434.0,405452.0,411875.0,354599.0,371253.0,370799.0,412658.0,411478.0,404299.0,404299.0,404299.0,404299.0,404299.0,404299.0,404299.0,404299.0,404299.0,404299.0,404299.0,404299.0,404299.0,404299.0,404299.0,404299.0,404299.0,404299.0,404299.0,404299.0,404299.0
onshore wind,3088200.0,3088200.0,3088200.0,3620330.0,3901000.0,3579310.0,3722820.0,4171280.0,4294030.0,4343350.0,4385660.0,4385660.0,4385660.0,4385660.0,4385660.0,4385660.0,4385660.0,4385660.0,4385660.0,4385660.0,4385660.0,4385660.0,4385660.0,4385660.0,4385660.0,4385660.0,4385660.0,4385660.0,4385660.0,4385660.0,4385660.0
solar PV,105546.0,105546.0,105546.0,326135.0,457690.0,910644.0,1158220.0,1820340.0,2776160.0,3124180.0,3465310.0,3465310.0,3465310.0,3465310.0,3465310.0,3465310.0,3465310.0,3465310.0,3465310.0,3465310.0,3465310.0,3465310.0,3465310.0,3465310.0,3465310.0,3465310.0,3465310.0,3465310.0,3465310.0,3465310.0,3465310.0
solar thermal,0.0,0.0,0.0,0.0,0.0,0.0,0.0,0.0,0.0,0.0,0.0,0.0,0.0,0.0,0.0,0.0,0.0,0.0,0.0,0.0,0.0,0.0,0.0,0.0,0.0,0.0,0.0,0.0,0.0,0.0,0.0
biomass,18597.5,18597.5,18597.5,18738.0,18901.7,16166.9,16334.1,15582.2,14490.0,14001.8,13050.8,13050.8,13050.8,13050.8,13050.8,13050.8,13050.8,13050.8,13050.8,13050.8,13050.8,13050.8,13050.8,13050.8,13050.8,13050.8,13050.8,13050.8,13050.8,13050.8,13050.8
geothermal,0.0,0.0,0.0,0.0,0.0,0.0,0.0,0.0,0.0,0.0,0.0,0.0,0.0,0.0,0.0,0.0,0.0,0.0,0.0,0.0,0.0,0.0,0.0,0.0,0.0,0.0,0.0,0.0,0.0,0.0,0.0
petroleum,54891.8,54891.8,54891.8,39054.8,21489.0,3976.77,4528.61,5791.4,5704.24,4789.0,4970.97,4970.97,4970.97,4970.97,4970.97,4970.97,4970.97,4970.97,4970.97,4970.97,4970.97,4970.97,4970.97,4970.97,4970.97,4970.97,4970.97,4970.97,4970.97,4970.97,4970.97
natural gas peaker,0.0,0.0,0.0,0.0,0.0,0.0,0.0,0.0,0.0,0.0,0.0,0.0,0.0,0.0,0.0,0.0,0.0,0.0,0.0,0.0,0.0,0.0,0.0,0.0,0.0,0.0,0.0,0.0,0.0,0.0,0.0
lignite,0.0,0.0,0.0,0.0,0.0,0.0,0.0,0.0,0.0,0.0,0.0,0.0,0.0,0.0,0.0,0.0,0.0,0.0,0.0,0.0,0.0,0.0,0.0,0.0,0.0,0.0,0.0,0.0,0.0,0.0,0.0
offshore wind,0.0,0.0,0.0,0.0,0.0,0.0,0.0,0.0,0.0,0.0,0.0,0.0,0.0,0.0,0.0,0.0,0.0,0.0,0.0,0.0,0.0,0.0,0.0,0.0,0.0,0.0,0.0,0.0,0.0,0.0,0.0
crude oil,0.0,0.0,0.0,0.0,0.0,0.0,0.0,0.0,0.0,0.0,0.0,0.0,0.0,0.0,0.0,0.0,0.0,0.0,0.0,0.0,0.0,0.0,0.0,0.0,0.0,0.0,0.0,0.0,0.0,0.0,0.0
heavy or residual fuel oil,0.0,0.0,0.0,0.0,0.0,0.0,0.0,0.0,0.0,0.0,0.0,0.0,0.0,0.0,0.0,0.0,0.0,0.0,0.0,0.0,0.0,0.0,0.0,0.0,0.0,0.0,0.0,0.0,0.0,0.0,0.0
municipal solid waste,0.0,0.0,0.0,0.0,0.0,0.0,0.0,0.0,0.0,0.0,0.0,0.0,0.0,0.0,0.0,0.0,0.0,0.0,0.0,0.0,0.0,0.0,0.0,0.0,0.0,0.0,0.0,0.0,0.0,0.0,0.0
hard coal w CCS,0.0,0.0,0.0,0.0,0.0,0.0,0.0,0.0,0.0,0.0,0.0,0.0,0.0,0.0,0.0,0.0,0.0,0.0,0.0,0.0,0.0,0.0,0.0,0.0,0.0,0.0,0.0,0.0,0.0,0.0,0.0
natural gas combined cycle w CCS,0.0,0.0,0.0,0.0,0.0,0.0,0.0,0.0,0.0,0.0,0.0,0.0,0.0,0.0,0.0,0.0,0.0,0.0,0.0,0.0,0.0,0.0,0.0,0.0,0.0,0.0,0.0,0.0,0.0,0.0,0.0
biomass w CCS,0.0,0.0,0.0,0.0,0.0,0.0,0.0,0.0,0.0,0.0,0.0,0.0,0.0,0.0,0.0,0.0,0.0,0.0,0.0,0.0,0.0,0.0,0.0,0.0,0.0,0.0,0.0,0.0,0.0,0.0,0.0
lignite w CCS,0.0,0.0,0.0,0.0,0.0,0.0,0.0,0.0,0.0,0.0,0.0,0.0,0.0,0.0,0.0,0.0,0.0,0.0,0.0,0.0,0.0,0.0,0.0,0.0,0.0,0.0,0.0,0.0,0.0,0.0,0.0
small modular reactor,0.0,0.0,0.0,0.0,0.0,0.0,0.0,0.0,0.0,0.0,0.0,0.0,0.0,0.0,0.0,0.0,0.0,0.0,0.0,0.0,0.0,0.0,0.0,0.0,0.0,0.0,0.0,0.0,0.0,0.0,0.0
hydrogen combustion turbine,0.0,0.0,0.0,0.0,0.0,0.0,0.0,0.0,0.0,0.0,0.0,0.0,0.0,0.0,0.0,0.0,0.0,0.0,0.0,0.0,0.0,0.0,0.0,0.0,0.0,0.0,0.0,0.0,0.0,0.0,0.0
hydrogen combined cycle,0.0,0.0,0.0,0.0,0.0,0.0,0.0,0.0,0.0,0.0,0.0,0.0,0.0,0.0,0.0,0.0,0.0,0.0,0.0,0.0,0.0,0.0,0.0,0.0,0.0,0.0,0.0,0.0,0.0,0.0,0.0
,,,,,,,,,,,,,,,,,,,,,,,,,,,,,,,
,,,,,,,,,,,,,,,,,,,,,,,,,,,,,,,
,,,,,,,,,,,,,,,,,,,,,,,,,,,,,,,
