Unit: incidents / ton pollutant,2024.0,2025.0,2026.0,2027.0,2028.0,2029.0,2030.0,2031.0,2032.0,2033.0,2034.0,2035.0,2036.0,2037.0,2038.0,2039.0,2040.0,2041.0,2042.0,2043.0,2044.0,2045.0,2046.0,2047.0,2048.0,2049.0,2050.0
Premature mortality,0.00226907,0.00229718,0.00232528,0.00235339,0.00238149,0.00243669,0.00249189,0.00252898,0.00256607,0.00260316,0.00264025,0.00267734,0.00270691,0.00273647,0.00276604,0.0027956,0.00282516,0.00284208,0.002859,0.00287592,0.00289283,0.00290975,0.00291445,0.00291915,0.00292385,0.00292855,0.00293325
Infant mortality,5.45527e-06,5.40774e-06,5.3602e-06,5.31267e-06,5.26514e-06,3.49168e-06,1.71821e-06,1.70608e-06,1.69395e-06,1.68182e-06,1.66969e-06,1.65756e-06,1.64975e-06,1.64195e-06,1.63415e-06,1.62635e-06,1.61855e-06,1.6092e-06,1.59985e-06,1.59051e-06,1.58116e-06,1.57181e-06,1.56215e-06,1.55249e-06,1.54283e-06,1.53317e-06,1.52352e-06
Asthma symptoms albuturol use,5.38593,5.43915,5.49238,5.5456,5.59883,5.66058,5.72233,5.76591,5.80949,5.85307,5.89665,5.94023,5.95783,5.97543,5.99303,6.01063,6.02823,6.04881,6.06939,6.08997,6.11055,6.13113,6.15345,6.17578,6.19811,6.22043,6.24276
Asthma symptoms chest tightness,0.0,0.0,0.0,0.0,0.0,0.0,0.0,0.0,0.0,0.0,0.0,0.0,0.0,0.0,0.0,0.0,0.0,0.0,0.0,0.0,0.0,0.0,0.0,0.0,0.0,0.0,0.0
Asthma symptoms cough,0.00540264,0.00540264,0.00540264,0.00540264,0.00540264,0.00540264,0.00540264,0.00540264,0.00540264,0.00540264,0.00540264,0.00540264,0.00540264,0.00540264,0.00540264,0.00540264,0.00540264,0.00540264,0.00540264,0.00540264,0.00540264,0.00540264,0.00540264,0.00540264,0.00540264,0.00540264,0.00540264
Asthma symptoms shortness of breath,0.00727543,0.00727543,0.00727543,0.00727543,0.00727543,0.00727543,0.00727543,0.00727543,0.00727543,0.00727543,0.00727543,0.00727543,0.00727543,0.00727543,0.00727543,0.00727543,0.00727543,0.00727543,0.00727543,0.00727543,0.00727543,0.00727543,0.00727543,0.00727543,0.00727543,0.00727543,0.00727543
Asthma symptoms wheeze,0.0111157,0.0111157,0.0111157,0.0111157,0.0111157,0.0111157,0.0111157,0.0111157,0.0111157,0.0111157,0.0111157,0.0111157,0.0111157,0.0111157,0.0111157,0.0111157,0.0111157,0.0111157,0.0111157,0.0111157,0.0111157,0.0111157,0.0111157,0.0111157,0.0111157,0.0111157,0.0111157
Asthma incidence,0.0291599,0.029343,0.029526,0.0297091,0.0298922,0.0300552,0.0302182,0.030347,0.0304757,0.0306044,0.0307331,0.0308618,0.0309768,0.0310917,0.0312067,0.0313216,0.0314365,0.0315449,0.0316534,0.0317618,0.0318702,0.0319786,0.0320805,0.0321823,0.0322842,0.032386,0.0324879
Hay fever rhinitis incidence,0.185637,0.187286,0.188935,0.190584,0.192233,0.194019,0.195806,0.197116,0.198427,0.199737,0.201047,0.202357,0.202999,0.20364,0.204281,0.204922,0.205564,0.206274,0.206984,0.207694,0.208404,0.209115,0.209851,0.210587,0.211323,0.212059,0.212796
Respiratory emergency room visits,0.00871737,0.00879757,0.00887776,0.00895795,0.00903815,0.00912076,0.00920337,0.00928018,0.009357,0.00943382,0.00951064,0.00958745,0.00965126,0.00971507,0.00977887,0.00984268,0.00990649,0.00996069,0.0100149,0.0100691,0.0101233,0.0101775,0.0102279,0.0102782,0.0103286,0.0103789,0.0104293
Respiratory hospital admissions,0.000195465,0.000196539,0.000197614,0.000198688,0.000199762,0.000200914,0.000202065,0.000203094,0.000204123,0.000205152,0.000206181,0.000207209,0.000207903,0.000208597,0.000209291,0.000209985,0.000210679,0.000211326,0.000211973,0.000212619,0.000213266,0.000213913,0.000214552,0.000215191,0.000215831,0.00021647,0.00021711
Non-fatal heart attacks,0.00106451,0.00109535,0.00112618,0.00115701,0.00118785,0.00121711,0.00124638,0.00127026,0.00129414,0.00131801,0.00134189,0.00136577,0.00138126,0.00139676,0.00141225,0.00142774,0.00144324,0.00145177,0.0014603,0.00146882,0.00147735,0.00148588,0.00149256,0.00149923,0.0015059,0.00151258,0.00151925
Minor restricted activity days,0.655825,0.657281,0.658737,0.660193,0.661648,0.663809,0.665969,0.669784,0.673598,0.677413,0.681228,0.685042,0.690334,0.695626,0.700918,0.70621,0.711502,0.71684,0.722177,0.727515,0.732853,0.73819,0.742766,0.747341,0.751917,0.756492,0.761068
Work loss days,0.110928,0.111246,0.111563,0.111881,0.112198,0.112609,0.113021,0.113639,0.114257,0.114875,0.115493,0.116111,0.11691,0.117708,0.118506,0.119304,0.120102,0.120988,0.121873,0.122759,0.123645,0.12453,0.125311,0.126093,0.126874,0.127655,0.128437
Lung cancer incidence,0.000814553,0.000830112,0.000845671,0.00086123,0.000876789,0.000893364,0.00090994,0.000927948,0.000945956,0.000963963,0.000981971,0.000999978,0.00101547,0.00103096,0.00104645,0.00106194,0.00107743,0.00108557,0.00109372,0.00110187,0.00111001,0.00111816,0.00112195,0.00112574,0.00112953,0.00113333,0.00113712
Cardiovascular hospital admissions,0.000267473,0.00027541,0.000283347,0.000291285,0.000299222,0.000306877,0.000314533,0.000321164,0.000327796,0.000334428,0.00034106,0.000347692,0.00035215,0.000356608,0.000361066,0.000365524,0.000369982,0.000372442,0.000374902,0.000377363,0.000379823,0.000382284,0.000384,0.000385717,0.000387433,0.00038915,0.000390866
Alzheimers disease hospital admissions,0.00562771,0.00580973,0.00599175,0.00617377,0.00635579,0.00654996,0.00674414,0.00694049,0.00713684,0.00733319,0.00752953,0.00772588,0.007869,0.00801213,0.00815525,0.00829837,0.00844149,0.00851446,0.00858743,0.00866039,0.00873336,0.00880633,0.00883138,0.00885643,0.00888147,0.00890652,0.00893157
Parkinsons disease hospital admissions,0.000772405,0.000792373,0.000812342,0.00083231,0.000852279,0.000869164,0.00088605,0.000897259,0.000908469,0.000919678,0.000930888,0.000942097,0.00094759,0.000953082,0.000958575,0.000964067,0.00096956,0.000972894,0.000976228,0.000979562,0.000982896,0.00098623,0.000991135,0.00099604,0.00100095,0.00100585,0.00101076
Stroke incidence,0.000695913,0.000714177,0.000732441,0.000750706,0.00076897,0.000784213,0.000799455,0.000808965,0.000818475,0.000827984,0.000837494,0.000847004,0.000851474,0.000855945,0.000860415,0.000864885,0.000869355,0.000871907,0.000874459,0.000877011,0.000879563,0.000882115,0.000886631,0.000891148,0.000895665,0.000900182,0.000904699
Out of hospital cardiac arrest incidence,0.00016544,0.000167876,0.000170313,0.000172749,0.000175185,0.000177481,0.000179777,0.000181588,0.000183399,0.000185211,0.000187022,0.000188833,0.00019007,0.000191307,0.000192544,0.000193781,0.000195018,0.000196002,0.000196986,0.00019797,0.000198954,0.000199939,0.000201032,0.000202125,0.000203219,0.000204312,0.000205406
Cardiac emergency room visits,0.00351565,0.00357938,0.00364312,0.00370686,0.00377059,0.00383337,0.00389615,0.00395763,0.00401911,0.00408058,0.00414206,0.00420354,0.00425318,0.00430283,0.00435247,0.00440212,0.00445177,0.00448691,0.00452205,0.00455719,0.00459234,0.00462748,0.00465388,0.00468028,0.00470668,0.00473308,0.00475948
School loss days,0.0,0.0,0.0,0.0,0.0,0.0,0.0,0.0,0.0,0.0,0.0,0.0,0.0,0.0,0.0,0.0,0.0,0.0,0.0,0.0,0.0,0.0,0.0,0.0,0.0,0.0,0.0
,,,,,,,,,,,,,,,,,,,,,,,,,,,
Data for lookup functions (based on sheet name),,,,,,,,,,,,,,,,,,,,,,,,,,,
sector pollutant,electricity PM25,,,,,,,,,,,,,,,,,,,,,,,,,,
