Year,2024.0,2025.0,2026.0,2027.0,2028.0,2029.0,2030.0,2031.0,2032.0,2033.0,2034.0,2035.0,2036.0,2037.0,2038.0,2039.0,2040.0,2041.0,2042.0,2043.0,2044.0,2045.0,2046.0,2047.0,2048.0,2049.0,2050.0
electricity (BTU),35791700000000.0,35660400000000.0,37773700000000.0,37515800000000.0,37181600000000.0,36845300000000.0,36498700000000.0,36126900000000.0,35770100000000.0,35472200000000.0,35214200000000.0,34980100000000.0,34799000000000.0,34637000000000.0,34488200000000.0,34371200000000.0,34247500000000.0,34100200000000.0,33988400000000.0,33852200000000.0,33731300000000.0,33612500000000.0,33506600000000.0,33368800000000.0,33227300000000.0,33083200000000.0,32937400000000.0
coal (BTU),0.0,0.0,0.0,0.0,0.0,0.0,0.0,0.0,0.0,0.0,0.0,0.0,0.0,0.0,0.0,0.0,0.0,0.0,0.0,0.0,0.0,0.0,0.0,0.0,0.0,0.0,0.0
natural gas (BTU),3150550000000.0,3139000000000.0,2947350000000.0,2948250000000.0,2932820000000.0,2900940000000.0,2863390000000.0,2822940000000.0,2796450000000.0,2774860000000.0,2759630000000.0,2744150000000.0,2731260000000.0,2718010000000.0,2705140000000.0,2692130000000.0,2679970000000.0,2667540000000.0,2658570000000.0,2650820000000.0,2645070000000.0,2638570000000.0,2628930000000.0,2617360000000.0,2605320000000.0,2593450000000.0,2582360000000.0
petroleum diesel (BTU),9556000000000.0,9520960000000.0,9619130000000.0,9752340000000.0,9800740000000.0,9840020000000.0,9894410000000.0,9933980000000.0,9953210000000.0,9947220000000.0,9944180000000.0,9943930000000.0,9951990000000.0,9960370000000.0,9966810000000.0,9973740000000.0,9979940000000.0,9979820000000.0,9977730000000.0,9973290000000.0,9967210000000.0,9958940000000.0,9949680000000.0,9938550000000.0,9928140000000.0,9915980000000.0,9906110000000.0
heat (BTU),0.0,0.0,0.0,0.0,0.0,0.0,0.0,0.0,0.0,0.0,0.0,0.0,0.0,0.0,0.0,0.0,0.0,0.0,0.0,0.0,0.0,0.0,0.0,0.0,0.0,0.0,0.0
biomass (BTU),0.0,0.0,0.0,0.0,0.0,0.0,0.0,0.0,0.0,0.0,0.0,0.0,0.0,0.0,0.0,0.0,0.0,0.0,0.0,0.0,0.0,0.0,0.0,0.0,0.0,0.0,0.0
kerosene (BTU),0.0,0.0,0.0,0.0,0.0,0.0,0.0,0.0,0.0,0.0,0.0,0.0,0.0,0.0,0.0,0.0,0.0,0.0,0.0,0.0,0.0,0.0,0.0,0.0,0.0,0.0,0.0
heavy or residual oil (BTU),0.0,0.0,0.0,0.0,0.0,0.0,0.0,0.0,0.0,0.0,0.0,0.0,0.0,0.0,0.0,0.0,0.0,0.0,0.0,0.0,0.0,0.0,0.0,0.0,0.0,0.0,0.0
LPG propane or butane (BTU),2906000000000.0,2895350000000.0,2937150000000.0,2959630000000.0,2981230000000.0,3002190000000.0,3023370000000.0,3041500000000.0,3060360000000.0,3080140000000.0,3100860000000.0,3122510000000.0,3145040000000.0,3168130000000.0,3189930000000.0,3210400000000.0,3229640000000.0,3245960000000.0,3260540000000.0,3273880000000.0,3286210000000.0,3297820000000.0,3308830000000.0,3319290000000.0,3329270000000.0,3338790000000.0,3347900000000.0
hydrogen (BTU),0.0,0.0,0.0,0.0,0.0,0.0,0.0,0.0,0.0,0.0,0.0,0.0,0.0,0.0,0.0,0.0,0.0,0.0,0.0,0.0,0.0,0.0,0.0,0.0,0.0,0.0,0.0
,,,,,,,,,,,,,,,,,,,,,,,,,,,
"Cell = EPS_output!<corresponding fuel x year cell> (already aggregated from Forecast F7 10 end-uses -> 5 EPS components, x 1000 kBtu->BTU; electricity was data-center-netted at the calibration-target level in Calcs STEP 7b, with DC-stripped growth from Forecast STEP F5a). Pivoted to match EPS US baseline BCEU tab format.",,,,,,,,,,,,,,,,,,,,,,,,,,,
